year,province,avg_temperature,avg_humidity,total_precipitation,total_rainfall,total_et0,avg_soil_moisture_0_to_7cm,avg_soil_moisture_7_to_28cm,avg_soil_moisture_28_to_100cm,avg_soil_moisture,city_count,total_hourly_records
2020,Aceh,25.793927595628418,86.85985883424408,2924.94,2924.94,1272.6599999999999,0.3586153916211293,0.35323221766848817,0.35478688524590163,0.3555448315118397,5,43920
2020,Bali,25.778392531876136,86.24330601092896,2394.5,2394.5,1399.192,0.26053187613843354,0.24758062386156648,0.24558872950819674,0.2512337431693989,5,43920
2020,Banten,26.358387978142076,84.89981785063752,3019.54,3019.54,1293.59,0.38064241803278687,0.37429571948998175,0.37159428506375225,0.3755108075288403,5,43920
2020,Bengkulu,25.49964480874317,88.32046903460838,4339.32,4339.32,1241.676,0.39834478597449907,0.3992467213114754,0.4026420537340619,0.4000778536733455,5,43920
2020,DI Yogyakarta,25.706545992714023,84.74130236794171,3131.7599999999998,3131.7599999999998,1308.7,0.2936311247723133,0.28801393442622947,0.29536951275045537,0.29233819064966604,5,43920
2020,DKI Jakarta,27.06584927140255,82.4381830601093,2792.2599999999998,2792.2599999999998,1377.602,0.40529585040983607,0.3996721026867031,0.403418602003643,0.4027955183667274,5,43920
2020,Gorontalo,26.635250455373402,86.00086520947175,2554.08,2554.08,1331.6799999999998,0.3959370446265938,0.3952226775956284,0.3952591757741348,0.3954729659987857,5,43920
2020,Jambi,25.324357923497267,88.17363387978142,3188.52,3188.52,1232.922,0.41322591074681236,0.41510997267759564,0.4147670081967213,0.41436763054037645,5,43920
2020,Jawa Barat,25.57019353369763,81.75412112932604,2897.7799999999997,2897.7799999999997,1373.2720000000002,0.3493562386156649,0.3442011612021858,0.34925967668488156,0.3476056921675774,5,43920
2020,Jawa Tengah,26.933399362477235,81.75182149362476,2829.0,2829.0,1459.868,0.35565881147540984,0.3543486111111111,0.357818897996357,0.3559421068609593,5,43920
2020,Jawa Timur,27.248160291438978,78.78142076502732,2358.18,2358.18,1533.336,0.35298308287795993,0.35295437158469944,0.3568202413479053,0.3542525652701882,5,43920
2020,Kalimantan Barat,25.988722677595625,90.92964480874318,3511.44,3511.44,1178.608,0.3777481102003643,0.3796657103825137,0.3781311930783242,0.3785150045537341,5,43920
2020,Kalimantan Selatan,26.296029143898,87.85655737704919,3494.1800000000003,3494.1800000000003,1224.0620000000001,0.456235587431694,0.4595900500910747,0.45730138888888894,0.4577090088038858,5,43920
2020,Kalimantan Tengah,26.534904371584695,88.34915755919853,3739.66,3739.66,1236.526,0.3786503870673953,0.3785135018214936,0.3725946721311476,0.3765861870066788,5,43920
2020,Kalimantan Timur,26.25971083788707,90.01994535519125,3452.2,3452.2,1255.9360000000001,0.4112720173041894,0.41210500910746806,0.41275660291438976,0.41204454310868244,5,43920
2020,Kalimantan Utara,26.405132058287798,89.74535519125683,4109.5199999999995,4109.5199999999995,1287.048,0.426926616575592,0.4287899590163934,0.4306358606557377,0.4287841454159077,5,43920
2020,Kepulauan Bangka Belitung,26.830739981785065,86.20122950819672,2593.98,2593.98,1275.644,0.3475528005464481,0.3460596083788706,0.3410055327868853,0.34487264723740135,5,43920
2020,Kepulauan Riau,26.623859289617485,83.9073087431694,2469.44,2469.44,1362.778,0.29889556010928964,0.300684266848816,0.29266778233151186,0.29741586976320583,5,43920
2020,Lampung,26.42983378870674,86.86643897996358,3080.96,3080.96,1255.956,0.4499967440801457,0.44967210837887067,0.44785555555555556,0.44917480267152393,5,43920
2020,Maluku,26.463501821493622,85.83356102003643,2372.8599999999997,2372.8599999999997,1337.516,0.3212250455373406,0.3189736111111111,0.3111097449908925,0.3171028005464481,5,43920
2020,Maluku Utara,26.472607012750455,88.75551001821493,3874.34,3874.34,1328.392,0.3891731329690346,0.38641391165755923,0.382488160291439,0.38602506830601097,5,43920
2020,Nusa Tenggara Barat,26.628784153005466,81.43483606557376,1761.2,1761.2,1511.158,0.3412214480874317,0.3430757741347905,0.35044995446265936,0.3449157255616272,5,43920
2020,Nusa Tenggara Timur,24.31384107468124,78.60295992714025,1506.22,1506.22,1565.9060000000002,0.27124845173041895,0.2666899590163935,0.25935336976320583,0.26576392683667277,5,43920
2020,Papua,26.520742258652092,90.20466757741349,4954.36,4954.36,1267.8139999999999,0.45129387522768666,0.4528804189435337,0.45119660746812384,0.4517903005464481,5,43920
2020,Papua Barat,26.242784608378873,88.7547131147541,2997.8,2997.8,1270.926,0.42910603369763206,0.43043244535519126,0.4305485883424408,0.43002902246508806,5,43920
2020,Papua Barat Daya,24.926691712204008,90.78957194899819,5097.18,5097.18,1251.768,0.4168307604735883,0.4192087659380692,0.4199207650273224,0.41865343047966,5,43920
2020,Papua Pegunungan,19.664337431693987,88.08246812386156,5489.42,5489.42,1156.566,0.42819487704918036,0.43021810109289615,0.43133966302367943,0.429917547055252,5,43920
2020,Papua Selatan,26.331921675774133,87.58774476320582,3434.125,3434.125,1238.6775,0.48500008538251366,0.4862999487704918,0.4877640027322404,0.4863546789617486,4,35136
2020,Papua Tengah,21.06231102003643,91.29462659380692,4581.5199999999995,4581.5199999999995,1072.158,0.4092480418943533,0.41203383424408013,0.4111541438979963,0.41081200667881,5,43920
2020,Riau,26.259073315118393,89.12488615664844,3021.42,3021.42,1213.744,0.41331115664845175,0.41444364754098356,0.4119434198542805,0.4132327413479053,5,43920
2020,Sulawesi Barat,25.38703324225865,87.40767304189436,3105.84,3105.84,1318.228,0.40295658014571945,0.4020382969034609,0.3974277777777778,0.40080755160898607,5,43920
2020,Sulawesi Selatan,26.829510473588346,83.695514571949,2778.46,2778.46,1419.342,0.39467613843351546,0.3905970400728597,0.3767717213114754,0.38734829993928355,5,43920
2020,Sulawesi Tengah,26.4925,87.2377732240437,3488.7400000000002,3488.7400000000002,1299.476,0.410158902550091,0.4094104052823315,0.40132019581056466,0.4069631678809958,5,43920
2020,Sulawesi Tenggara,25.98797358834244,87.55223132969034,2751.42,2751.42,1326.224,0.3601641621129326,0.35765532786885246,0.34806826047358835,0.35529591681845785,5,43920
2020,Sulawesi Utara,25.441614298724954,87.93153460837887,3329.78,3329.78,1315.58,0.37074746698542804,0.3714464651639344,0.37021798155737706,0.37080397123557984,5,43920
2020,Sumatera Barat,23.906129326047356,88.19068761384335,3985.4,3985.4,1172.844,0.41212732240437155,0.41323779599271404,0.4080696948998178,0.4111449377656345,5,43920
2020,Sumatera Selatan,26.466247723132973,86.93859289617487,3270.18,3270.18,1251.714,0.459941029143898,0.4626125227686703,0.46160963114754094,0.4613877276867031,5,43920
2020,Sumatera Utara,24.874146174863387,89.92668488160291,3624.6800000000003,3624.6800000000003,1221.8719999999998,0.4069887978142076,0.40490523679417123,0.40422447632058284,0.40537283697632065,5,43920
2021,Aceh,25.648500000000002,85.64803652968035,2844.64,2844.64,1297.512,0.3605892694063927,0.35777673515981734,0.36004426940639267,0.3594700913242009,5,43800
2021,Bali,25.5012899543379,86.20344748858447,2735.3599999999997,2735.3599999999997,1356.426,0.2707304566210046,0.2586139497716895,0.25364689497716897,0.26099710045662106,5,43800
2021,Banten,26.15345890410959,84.74413242009132,2540.7,2540.7,1312.156,0.38949495433789955,0.3868299086757991,0.38245285388127853,0.3862592389649924,5,43800
2021,Bengkulu,25.28688584474886,87.59376712328768,3900.5800000000004,3900.5800000000004,1271.834,0.39154922374429224,0.3913224885844749,0.39110664383561644,0.3913261187214612,5,43800
2021,DI Yogyakarta,25.522093607305937,84.54616438356165,2975.56,2975.56,1302.5400000000002,0.29585013698630136,0.285999497716895,0.28651022831050227,0.2894532876712329,5,43800
2021,DKI Jakarta,26.78208904109589,82.72860730593607,2577.8,2577.8,1370.878,0.42310225456621003,0.42456498287671235,0.42465924657534243,0.4241088280060883,5,43800
2021,Gorontalo,26.547849315068493,85.77828767123287,2488.2200000000003,2488.2200000000003,1323.516,0.40047865296803653,0.39958584474885844,0.39787070776255706,0.3993117351598173,5,43800
2021,Jambi,25.097413242009132,87.86461187214611,3038.34,3038.34,1265.118,0.4154384474885845,0.41685463470319634,0.41707609589041095,0.4164563926940639,5,43800
2021,Jawa Barat,25.181488584474884,82.68180365296803,2880.2799999999997,2880.2799999999997,1347.2959999999998,0.36151102739726027,0.3577671689497717,0.3565101369863014,0.3585961111111111,5,43800
2021,Jawa Tengah,26.688671232876715,81.83440639269406,2622.8599999999997,2622.8599999999997,1445.2379999999998,0.35925011415525115,0.35860155251141557,0.3596299543378995,0.3591605403348554,5,43800
2021,Jawa Timur,26.927586757990866,79.51808219178082,2425.2200000000003,2425.2200000000003,1494.8,0.3573764155251141,0.3551202511415525,0.3599631735159817,0.35748661339421617,5,43800
2021,Kalimantan Barat,25.958698630136986,89.37221461187214,2897.12,2897.12,1239.182,0.36093372146118724,0.36135776255707763,0.3624122374429224,0.3615679071537291,5,43800
2021,Kalimantan Selatan,25.922723744292238,88.5749086757991,3635.62,3635.62,1175.46,0.45601664383561646,0.4597177853881279,0.4579453881278539,0.4578932724505327,5,43800
2021,Kalimantan Tengah,26.271146118721465,88.50102739726029,3616.7400000000002,3616.7400000000002,1220.578,0.3779109817351598,0.37783632420091323,0.3729827853881279,0.37624336377473366,5,43800
2021,Kalimantan Timur,25.9757899543379,90.47333333333333,3766.4800000000005,3766.4800000000005,1216.944,0.4123652739726027,0.41342189497716897,0.4136895662100456,0.4131589117199391,5,43800
2021,Kalimantan Utara,26.190207762557076,89.98260273972603,4595.54,4595.54,1269.026,0.4305164155251141,0.4335167579908676,0.4356774429223744,0.43323687214611867,5,43800
2021,Kepulauan Bangka Belitung,26.667547945205477,85.49673515981735,2569.7,2569.7,1298.468,0.3385224200913242,0.33575584474885845,0.3321005479452055,0.33545960426179605,5,43800
2021,Kepulauan Riau,26.458961187214612,83.38034246575343,2544.2799999999997,2544.2799999999997,1376.41,0.29601874429223746,0.2994935388127854,0.29895246575342466,0.29815491628614915,5,43800
2021,Lampung,26.25253881278539,86.24,2835.7200000000003,2835.7200000000003,1287.072,0.4540977625570776,0.4551741780821918,0.4533136757990867,0.454195205479452,5,43800
2021,Maluku,26.248141552511413,86.9816894977169,3122.7,3122.7,1280.7620000000002,0.3322401141552511,0.3311985844748858,0.32403408675799084,0.3291575951293759,5,43800
2021,Maluku Utara,26.337390410958903,89.07559360730593,4079.4,4079.4,1293.746,0.3995372602739726,0.3978062557077625,0.3923065525114155,0.39655002283105023,5,43800
2021,Nusa Tenggara Barat,26.28158219178082,82.20397260273973,1998.8400000000001,1998.8400000000001,1425.27,0.3453266210045662,0.34563938356164386,0.3561886301369863,0.34905154490106544,5,43800
2021,Nusa Tenggara Timur,24.03057762557078,80.24671232876713,2113.1,2113.1,1473.4379999999999,0.28135977168949766,0.279117899543379,0.28305778538812787,0.28117848554033487,5,43800
2021,Papua,26.34370776255708,89.92219178082192,4954.4400000000005,4954.4400000000005,1260.9299999999998,0.4519434931506849,0.4542767808219178,0.4532771461187214,0.45316580669710804,5,43800
2021,Papua Barat,26.056497716894977,88.81929223744291,2854.1400000000003,2854.1400000000003,1243.464,0.4321709589041096,0.433857602739726,0.43225041095890415,0.4327596575342466,5,43800
2021,Papua Barat Daya,24.717796803652966,91.19744292237444,4758.280000000001,4758.280000000001,1239.27,0.42351335616438357,0.42709847031963466,0.42697815068493156,0.42586332572298324,5,43800
2021,Papua Pegunungan,19.482077625570774,87.71317351598174,5158.8,5158.8,1173.364,0.42742780821917814,0.42980244292237446,0.4295844063926941,0.4289382191780822,5,43800
2021,Papua Selatan,26.174078196347033,88.62488584474886,4161.0,4161.0,1209.1725000000001,0.4975858447488585,0.49856786529680364,0.4973869292237443,0.4978468797564688,4,35040
2021,Papua Tengah,20.903324200913243,90.69979452054795,3842.7,3842.7,1087.358,0.4089804566210045,0.41197840182648404,0.41138657534246575,0.4107818112633181,5,43800
2021,Riau,26.179171232876712,87.78817351598174,2938.7599999999998,2938.7599999999998,1283.1879999999999,0.4079315296803653,0.4084182191780822,0.40952872146118724,0.40862615677321157,5,43800
2021,Sulawesi Barat,25.111785388127856,87.62146118721462,3300.84,3300.84,1292.238,0.401684200913242,0.40076801369863013,0.3986257762557078,0.40035933028919324,5,43800
2021,Sulawesi Selatan,26.52864611872146,84.49863013698629,2601.66,2601.66,1369.81,0.4092157077625571,0.4093641552511416,0.4093953196347032,0.40932506088280063,5,43800
2021,Sulawesi Tengah,26.363283105022834,86.92495433789955,3325.2,3325.2,1306.046,0.40969406392694063,0.409067602739726,0.4050939726027397,0.40795187975646874,5,43800
2021,Sulawesi Tenggara,25.767705479452054,88.3803196347032,2716.12,2716.12,1296.932,0.38036655251141555,0.38024511415525114,0.37962659817351596,0.3800794216133942,5,43800
2021,Sulawesi Utara,25.355819634703195,87.93477168949771,3364.3199999999997,3364.3199999999997,1293.016,0.3808348173515982,0.3823150970319634,0.37674055365296805,0.3799634893455099,5,43800
2021,Sumatera Barat,23.698810502283106,87.55299086757991,3362.0,3362.0,1209.49,0.40677739726027395,0.40746527397260274,0.40517794520547945,0.4064735388127854,5,43800
2021,Sumatera Selatan,26.231936073059366,86.93424657534247,3182.84,3182.84,1264.926,0.46220127853881277,0.4648832648401827,0.46469641552511415,0.46392698630136986,5,43800
2021,Sumatera Utara,24.666433789954336,89.53447488584474,3503.84,3503.84,1234.5520000000001,0.409300205479452,0.40974536529680367,0.41148789954337894,0.41017782343987824,5,43800
2022,Aceh,25.48144292237443,86.19417808219178,3533.7400000000002,3533.7400000000002,1294.808,0.3723221232876712,0.36907545662100455,0.3673286301369863,0.36957540334855404,5,43800
2022,Bali,25.458527397260276,86.0686301369863,2731.7400000000002,2731.7400000000002,1389.636,0.3020282191780822,0.29561876712328766,0.28931716894977166,0.29565471841704716,5,43800
2022,Banten,26.04102054794521,84.00776255707763,2632.8199999999997,2632.8199999999997,1358.466,0.4046494292237443,0.40389974885844754,0.40490901826484016,0.40448606544901067,5,43800
2022,Bengkulu,25.098116438356165,86.82940639269407,3952.1,3952.1,1286.604,0.3793755251141553,0.3790312100456621,0.3823153881278539,0.3802407077625571,5,43800
2022,DI Yogyakarta,25.154696347031965,86.08479452054794,3495.5200000000004,3495.5200000000004,1267.78,0.32985883561643836,0.32538333333333336,0.31800342465753423,0.324415197869102,5,43800
2022,DKI Jakarta,26.62940182648402,82.82719178082192,2519.46,2519.46,1424.034,0.4336973173515982,0.43292097602739726,0.43395710616438354,0.4335251331811263,5,43800
2022,Gorontalo,26.32024429223744,86.56276255707762,2714.1,2714.1,1341.1879999999999,0.4068002283105023,0.40713511415525117,0.407204200913242,0.40704651445966517,5,43800
2022,Jambi,25.010689497716893,87.56737442922375,3113.16,3113.16,1330.23,0.415814794520548,0.41816166666666665,0.41927278538812784,0.4177497488584475,5,43800
2022,Jawa Barat,24.985602739726026,83.4118493150685,2551.3599999999997,2551.3599999999997,1368.106,0.38320883561643837,0.3822739497716895,0.38044082191780826,0.3819745357686454,5,43800
2022,Jawa Tengah,26.29438584474886,83.59399543378996,2907.38,2907.38,1435.1680000000001,0.3839117123287671,0.3869850684931507,0.386611301369863,0.38583602739726025,5,43800
2022,Jawa Timur,26.4735799086758,81.76276255707762,2868.38,2868.38,1457.5040000000001,0.38803568493150686,0.39065981735159816,0.39179958904109585,0.39016503044140033,5,43800
2022,Kalimantan Barat,25.652700913242008,90.2694292237443,3879.34,3879.34,1230.238,0.3742159817351598,0.37595296803652967,0.3751648401826484,0.3751112633181126,5,43800
2022,Kalimantan Selatan,25.793312785388128,88.51552511415525,3881.6400000000003,3881.6400000000003,1238.3319999999999,0.45967326484018267,0.4646137899543379,0.46438328767123294,0.46289011415525116,5,43800
2022,Kalimantan Tengah,26.181184931506845,88.0207305936073,3962.0800000000004,3962.0800000000004,1282.9,0.38229705479452053,0.38389689497716895,0.379830296803653,0.38200808219178084,5,43800
2022,Kalimantan Timur,25.91492694063927,89.56803652968037,4185.14,4185.14,1276.764,0.4145118264840183,0.41602575342465753,0.41668385844748856,0.41574047945205483,5,43800
2022,Kalimantan Utara,25.946616438356166,89.68310502283104,5513.46,5513.46,1316.452,0.4323899543378996,0.4361693378995434,0.43755285388127857,0.4353707153729071,5,43800
2022,Kepulauan Bangka Belitung,26.502881278538815,86.16522831050229,2760.8,2760.8,1302.156,0.35274988584474887,0.3526873744292237,0.34685662100456616,0.3507646270928463,5,43800
2022,Kepulauan Riau,26.43436301369863,83.15164383561644,2413.66,2413.66,1406.768,0.3088556621004566,0.31285840182648406,0.31274657534246575,0.31148687975646877,5,43800
2022,Lampung,26.095276255707763,86.23431506849315,3214.7,3214.7,1338.018,0.4632860730593607,0.4676439269406393,0.470844497716895,0.46725816590563163,5,43800
2022,Maluku,26.234789954337902,86.0395205479452,3017.16,3017.16,1349.3,0.3301061872146119,0.3289967808219178,0.3206943607305936,0.3265991095890411,5,43800
2022,Maluku Utara,26.24848401826484,88.48666666666666,4123.76,4123.76,1333.908,0.40094367579908674,0.39954324200913244,0.39743497716894977,0.399307298325723,5,43800
2022,Nusa Tenggara Barat,26.1949200913242,82.43554794520547,2119.42,2119.42,1459.884,0.37362721461187215,0.3709735844748859,0.37428458904109585,0.372961796042618,5,43800
2022,Nusa Tenggara Timur,23.94227397260274,80.41456621004566,1766.1,1766.1,1493.19,0.30734157534246576,0.3073519634703196,0.3095972146118721,0.3080969178082192,5,43800
2022,Papua,26.258344748858445,88.8627397260274,4212.36,4212.36,1332.486,0.44549214611872145,0.4454972374429224,0.442808698630137,0.4445993607305936,5,43800
2022,Papua Barat,26.011367579908676,87.86828767123288,2973.46,2973.46,1328.65,0.426559794520548,0.42713664383561645,0.42660054794520547,0.42676566210045663,5,43800
2022,Papua Barat Daya,24.61888584474886,90.27187214611872,4605.04,4605.04,1322.234,0.4226859132420091,0.4261049315068493,0.4247857077625571,0.4245255175038052,5,43800
2022,Papua Pegunungan,19.466180365296804,86.97022831050228,4512.5599999999995,4512.5599999999995,1280.218,0.4231154109589041,0.4249107762557077,0.4257957990867579,0.42460732876712326,5,43800
2022,Papua Selatan,26.175439497716894,88.07146118721461,4221.05,4221.05,1301.205,0.4978801940639269,0.5025720319634703,0.5016741152968036,0.5007087804414003,4,35040
2022,Papua Tengah,20.856326484018265,90.09109589041097,3826.7599999999998,3826.7599999999998,1178.944,0.4072866438356165,0.41025472602739727,0.4092311872146118,0.4089241856925419,5,43800
2022,Riau,26.119609589041097,87.50210045662101,3204.4,3204.4,1341.628,0.41562369863013704,0.417126803652968,0.417371506849315,0.4167073363774734,5,43800
2022,Sulawesi Barat,25.09083561643836,86.6639497716895,3083.1,3083.1,1342.8400000000001,0.403646095890411,0.4035952739726028,0.40295721461187217,0.4033995281582953,5,43800
2022,Sulawesi Selatan,26.504244292237445,83.7589497716895,2782.94,2782.94,1448.42,0.41421972602739726,0.4147075570776256,0.41225207762557076,0.41372645357686455,5,43800
2022,Sulawesi Tengah,26.30268949771689,86.20401826484019,3040.06,3040.06,1354.466,0.41366280821917806,0.4141983561643835,0.4126207762557078,0.4134939802130898,5,43800
2022,Sulawesi Tenggara,25.738219178082193,87.3157305936073,2767.68,2767.68,1382.708,0.38296319634703196,0.3836204794520548,0.38366413242009134,0.38341593607305935,5,43800
2022,Sulawesi Utara,25.271691780821918,87.25897260273973,3407.54,3407.54,1320.426,0.38674557648401825,0.3898453196347032,0.3878228310502283,0.3881379090563166,5,43800
2022,Sumatera Barat,23.620027397260273,86.08506849315069,2869.82,2869.82,1263.5220000000002,0.40428931506849314,0.4056937899543379,0.40754908675799084,0.4058440639269406,5,43800
2022,Sumatera Selatan,26.061979452054793,87.4531506849315,3607.6400000000003,3607.6400000000003,1325.674,0.46932374429223744,0.4729342237442922,0.4748119863013699,0.4723566514459666,5,43800
2022,Sumatera Utara,24.52418493150685,89.35429223744293,3949.8599999999997,3949.8599999999997,1262.978,0.42135586757990867,0.42142171232876713,0.41889331050228307,0.4205569634703196,5,43800
2023,Aceh,25.87665068493151,85.31527397260274,2607.18,2607.18,1345.624,0.35284675799086757,0.34274659817351594,0.3316674200913242,0.34242025875190263,5,43800
2023,Bali,25.50792237442922,83.02518264840182,1995.98,1995.98,1498.828,0.23226522831050228,0.2220132876712329,0.2297603196347032,0.22801294520547946,5,43800
2023,Banten,26.79773059360731,79.13968036529681,1839.8800000000003,1839.8800000000003,1521.4640000000002,0.33194714611872145,0.3230488356164384,0.32682552511415525,0.32727383561643836,5,43800
2023,Bengkulu,25.139703196347035,87.68739726027397,2746.42,2746.42,1343.42,0.3628294292237443,0.357790799086758,0.35956102739726026,0.36006041856925425,5,43800
2023,DI Yogyakarta,25.458874429223744,81.83575342465754,1896.86,1896.86,1475.83,0.24352785388127854,0.2365609360730594,0.2430983105022831,0.24106236681887366,5,43800
2023,DKI Jakarta,27.310470319634703,78.54198630136986,1908.22,1908.22,1577.96,0.36385827625570777,0.36150633561643836,0.36110399543378996,0.362156202435312,5,43800
2023,Gorontalo,27.09317123287671,80.72867579908676,1787.2,1787.2,1557.632,0.3508283105022831,0.3474716666666667,0.3537614155251142,0.3506871308980213,5,43800
2023,Jambi,25.296116438356165,86.91463470319634,2915.6,2915.6,1373.46,0.3979075799086758,0.3977446575342466,0.3961224657534247,0.3972582343987824,5,43800
2023,Jawa Barat,25.772726027397262,77.49687214611872,1699.52,1699.52,1574.266,0.3066691552511416,0.30226710045662103,0.3061202739726027,0.3050188432267884,5,43800
2023,Jawa Tengah,27.069079908675796,76.88264840182649,1711.58,1711.58,1671.48,0.3108677625570776,0.3149636529680365,0.32663312785388127,0.3174881811263318,5,43800
2023,Jawa Timur,27.204093607305936,75.7081506849315,1811.8,1811.8,1684.3319999999999,0.31433972602739724,0.3174980136986302,0.3303488584474886,0.3207288660578386,5,43800
2023,Kalimantan Barat,26.16323287671233,89.02150684931507,3318.9,3318.9,1298.926,0.36338301369863013,0.36375917808219177,0.35918479452054797,0.36210899543378994,5,43800
2023,Kalimantan Selatan,26.59356164383562,83.59817351598174,3187.4,3187.4,1429.554,0.40905586757990864,0.4127459817351598,0.4167415525114155,0.412847800608828,5,43800
2023,Kalimantan Tengah,26.782527397260274,84.61041095890411,3225.1,3225.1,1419.78,0.3320828538812785,0.33091687214611876,0.3301451141552511,0.3310482800608828,5,43800
2023,Kalimantan Timur,26.36809132420091,87.73132420091324,3335.9800000000005,3335.9800000000005,1369.59,0.38899817351598176,0.3882330593607306,0.38825116438356166,0.38849413242009134,5,43800
2023,Kalimantan Utara,26.288038812785384,88.92929223744292,4687.9,4687.9,1382.782,0.42870109589041094,0.43177735159817354,0.4334010502283105,0.4312931659056317,5,43800
2023,Kepulauan Bangka Belitung,27.193472602739725,82.2048401826484,2091.1400000000003,2091.1400000000003,1504.252,0.3000690410958904,0.2951662100456621,0.29330954337899545,0.29618159817351597,5,43800
2023,Kepulauan Riau,26.820954337899543,81.0996803652968,2144.8,2144.8,1514.774,0.28830771689497714,0.29024159817351597,0.28844650684931505,0.2889986073059361,5,43800
2023,Lampung,26.936933789954338,80.70821917808219,2096.58,2096.58,1535.634,0.4064743607305936,0.4048768036529681,0.4066464611872146,0.40599920852359206,5,43800
2023,Maluku,26.616609589041094,82.19536529680366,2026.3199999999997,2026.3199999999997,1500.84,0.2855572602739726,0.2790548173515982,0.2742387899543379,0.27961695585996954,5,43800
2023,Maluku Utara,26.78093835616438,85.34214611872146,2784.94,2784.94,1462.1,0.36400735159817355,0.3574951598173516,0.35332977168949775,0.35827742770167426,5,43800
2023,Nusa Tenggara Barat,26.416066210045663,78.83369863013698,1451.5,1451.5,1594.084,0.321319497716895,0.3248799315068493,0.33457404109589045,0.3269244901065449,5,43800
2023,Nusa Tenggara Timur,23.959737442922375,77.7270091324201,1317.02,1317.02,1587.538,0.2623169406392694,0.2647225342465753,0.27449118721461185,0.2671768873668189,5,43800
2023,Papua,26.2944497716895,89.52205479452054,4707.82,4707.82,1278.318,0.4504920776255707,0.4524386757990868,0.44836986301369863,0.45043353881278536,5,43800
2023,Papua Barat,26.208787671232876,86.19280821917808,2455.32,2455.32,1358.264,0.4191796347031963,0.41941474885844754,0.4182614840182648,0.4189519558599696,5,43800
2023,Papua Barat Daya,24.96731506849315,88.85285388127855,3529.38,3529.38,1347.3700000000001,0.4108153196347032,0.4124038812785388,0.4108883789954338,0.4113691933028919,5,43800
2023,Papua Pegunungan,19.724392694063926,87.9163698630137,4706.139999999999,4706.139999999999,1219.05,0.4291545890410958,0.4304744748858448,0.42908984018264834,0.4295729680365297,5,43800
2023,Papua Selatan,26.338510273972602,84.60844748858447,3152.6,3152.6,1370.795,0.4658654109589041,0.46991943493150684,0.4755344748858447,0.4704397735920853,4,35040
2023,Papua Tengah,21.109182648401827,89.34513698630137,3397.34,3397.34,1196.888,0.4024157534246576,0.40482226027397256,0.40324417808219176,0.4034940639269406,5,43800
2023,Riau,26.217139269406392,88.16607305936073,3301.8599999999997,3301.8599999999997,1348.5040000000001,0.4135176484018265,0.4153199315068493,0.4167649543378996,0.41520084474885843,5,43800
2023,Sulawesi Barat,25.464502283105023,84.33486301369862,2231.88,2231.88,1475.336,0.3705865753424658,0.3668366210045662,0.36969383561643837,0.36903901065449013,5,43800
2023,Sulawesi Selatan,27.183917808219178,78.30031963470319,1811.1,1811.1,1650.2420000000002,0.35438004566210046,0.3540901598173516,0.35959146118721463,0.3560205555555555,5,43800
2023,Sulawesi Tengah,26.663815068493147,83.51002283105024,2161.3199999999997,2161.3199999999997,1471.618,0.37838335616438357,0.37470477168949773,0.3767418949771689,0.3766100076103501,5,43800
2023,Sulawesi Tenggara,26.55210273972603,81.12173515981735,1838.02,1838.02,1582.118,0.30683269406392694,0.3045689726027397,0.3152256392694064,0.3088757686453577,5,43800
2023,Sulawesi Utara,25.759093607305935,84.27219178082191,2447.2799999999997,2447.2799999999997,1459.304,0.33769888698630135,0.33549894406392694,0.3348699771689498,0.336022602739726,5,43800
2023,Sumatera Barat,23.64688584474886,88.62082191780823,3505.84,3505.84,1245.136,0.4124206621004566,0.41295618721461186,0.40655178082191784,0.4106428767123288,5,43800
2023,Sumatera Selatan,26.75874885844749,83.12643835616439,2826.68,2826.68,1463.558,0.41684452054794524,0.4160603652968037,0.4155411643835617,0.4161486834094369,5,43800
2023,Sumatera Utara,24.659673515981734,90.15086757990868,3984.3,3984.3,1265.716,0.4243255936073059,0.42500993150684935,0.42254780821917814,0.4239611111111111,5,43800
2024,Aceh,26.354829234972676,85.0436475409836,2652.92,2652.92,1377.8139999999999,0.35090557832422586,0.3442155510018215,0.34423854735883425,0.34645322556162716,5,43920
2024,Bali,25.997843806921672,83.50314207650273,2497.6800000000003,2497.6800000000003,1468.164,0.25061876138433514,0.23488797814207651,0.23236354735883422,0.23929009562841527,5,43920
2024,Banten,26.870437158469947,81.92065118397086,2586.08,2586.08,1469.3200000000002,0.3624326047358834,0.35902270036429873,0.3567829462659381,0.3594127504553734,5,43920
2024,Bengkulu,25.83549408014572,86.8700364298725,3477.7599999999998,3477.7599999999998,1350.092,0.3780635701275045,0.3771190118397086,0.37957827868852456,0.3782536202185792,5,43920
2024,DI Yogyakarta,25.78541666666667,83.62345173041895,2624.9199999999996,2624.9199999999996,1440.52,0.272964412568306,0.2624157559198543,0.25760799180327865,0.264329386763813,5,43920
2024,DKI Jakarta,27.505881147540983,80.26969489981785,2582.16,2582.16,1536.096,0.3962580259562842,0.3951888376593807,0.4014686930783242,0.3976385188979964,5,43920
2024,Gorontalo,26.80236111111111,84.8358378870674,2527.52,2527.52,1439.742,0.38326124772313297,0.38227044626593804,0.38262506830601095,0.3827189207650273,5,43920
2024,Jambi,25.758319672131147,86.7731102003643,3388.72,3388.72,1374.0439999999999,0.4015729963570127,0.4017549863387978,0.4015503870673952,0.40162612325440195,5,43920
2024,Jawa Barat,26.027688979963568,79.45047814207649,2334.96,2334.96,1524.58,0.3389254781420765,0.33637745901639343,0.33686165755919856,0.33738819823922284,5,43920
2024,Jawa Tengah,27.257488615664847,79.38121584699454,2297.9199999999996,2297.9199999999996,1606.042,0.3360427595628416,0.3341171903460838,0.33454464936247724,0.33490153309046755,5,43920
2024,Jawa Timur,27.37672131147541,77.98076047358833,2495.48,2495.48,1627.238,0.3363592896174864,0.33512647996357015,0.33923438069216755,0.33690671675774136,5,43920
2024,Kalimantan Barat,26.36457422586521,89.19100637522769,3904.5399999999995,3904.5399999999995,1271.088,0.3677150500910747,0.3692366803278689,0.36833959471766853,0.368430441712204,5,43920
2024,Kalimantan Selatan,26.611693989071036,86.41338797814208,3805.6400000000003,3805.6400000000003,1349.586,0.44287449908925314,0.44501468579234976,0.44269537795992714,0.4435281876138434,5,43920
2024,Kalimantan Tengah,26.805216302367946,86.88688524590164,3991.5800000000004,3991.5800000000004,1361.234,0.36856259107468126,0.3678733151183971,0.3591051684881603,0.3651803582270795,5,43920
2024,Kalimantan Timur,26.616425318761383,87.94758652094717,3501.78,3501.78,1358.928,0.4019635701275046,0.40206072404371584,0.40188319672131145,0.40196916363084395,5,43920
2024,Kalimantan Utara,26.428936703096536,88.50341530054645,4520.5,4520.5,1338.368,0.42759127959927146,0.42979257741347904,0.43141591530054646,0.4295999241044323,5,43920
2024,Kepulauan Bangka Belitung,27.35663023679417,83.72178961748634,2758.7799999999997,2758.7799999999997,1428.026,0.322001912568306,0.3187153233151184,0.3134290072859745,0.31804874772313296,5,43920
2024,Kepulauan Riau,27.16954918032787,81.27411202185792,2389.98,2389.98,1516.566,0.2955401183970856,0.29908021402550095,0.29394820127504556,0.296189511232544,5,43920
2024,Lampung,26.956070127504553,83.9372723132969,3214.0,3214.0,1440.578,0.4271369307832423,0.42713353825136613,0.4299993852459016,0.42808995142683665,5,43920
2024,Maluku,26.688779599271403,84.40059198542805,2698.32,2698.32,1410.26,0.31958952641165755,0.31767126593806927,0.3125257285974499,0.3165955069823922,5,43920
2024,Maluku Utara,26.77354508196721,86.22527322404372,3234.2599999999998,3234.2599999999998,1408.708,0.3860329462659381,0.382137568306011,0.38047800546448085,0.3828828400121433,5,43920
2024,Nusa Tenggara Barat,26.799141621129326,80.26427595628415,1914.1200000000001,1914.1200000000001,1553.562,0.3341193306010929,0.33628761384335154,0.3399076958105646,0.3367715467516697,5,43920
2024,Nusa Tenggara Timur,24.374344262295082,79.16912568306012,1671.58,1671.58,1563.456,0.27362046903460835,0.2701488843351548,0.2664723588342441,0.27008057073466907,5,43920
2024,Papua,26.48161202185792,89.14448998178507,4329.34,4329.34,1298.846,0.4514285519125683,0.45318913934426225,0.4493241803278688,0.4513139571948998,5,43920
2024,Papua Barat,26.28216302367942,87.65521402550091,3392.9199999999996,3392.9199999999996,1325.8,0.42694984061930785,0.4277370901639344,0.42562147085610197,0.42676946721311476,5,43920
2024,Papua Barat Daya,24.941876138433514,90.9757058287796,5296.2,5296.2,1274.5720000000001,0.42062741347905286,0.42310052367941714,0.4220833333333333,0.42193709016393444,5,43920
2024,Papua Pegunungan,20.15561247723133,88.03524590163934,5048.08,5048.08,1244.71,0.42874897540983603,0.43044330601092895,0.43017040072859747,0.4297875607164542,5,43920
2024,Papua Selatan,26.45114697176685,86.85669968123861,3739.0,3739.0,1302.26,0.4818504952185792,0.4840408982240437,0.483374231557377,0.4830885416666667,4,35136
2024,Papua Tengah,21.438189890710383,90.16459471766849,4371.88,4371.88,1170.852,0.40900159380692164,0.41168954918032785,0.4106321493624773,0.4104410974499089,5,43920
2024,Riau,26.544419398907102,88.30341530054645,3898.16,3898.16,1332.836,0.41231525500910743,0.41521106557377047,0.41379182604735887,0.4137727155434122,5,43920
2024,Sulawesi Barat,25.67039617486339,84.95787795992715,2631.12,2631.12,1421.624,0.3866130009107468,0.38305211748633883,0.3784856785063752,0.3827169323011536,5,43920
2024,Sulawesi Selatan,27.41013433515483,80.100956284153,2342.88,2342.88,1583.484,0.37426746357012747,0.3712216530054645,0.36555858378870676,0.3703492334547662,5,43920
2024,Sulawesi Tengah,26.890619307832424,84.11730418943533,2389.44,2389.44,1439.8319999999999,0.3969551912568306,0.3944018442622951,0.38842707194899817,0.39326136915604126,5,43920
2024,Sulawesi Tenggara,26.349845173041892,85.31147540983606,2721.2400000000002,2721.2400000000002,1453.18,0.3533393442622951,0.3499597905282331,0.3485473360655738,0.35061549028536737,5,43920
2024,Sulawesi Utara,25.81223588342441,86.06983151183971,2916.3,2916.3,1413.228,0.36540565232240435,0.3674399476320583,0.3659836634790528,0.3662764211445052,5,43920
2024,Sumatera Barat,24.05462431693989,88.87217668488161,4216.8,4216.8,1252.016,0.41236914845173045,0.41525036429872497,0.4085779599271403,0.4120658242258652,5,43920
2024,Sumatera Selatan,26.969153005464484,84.50669398907104,3503.9800000000005,3503.9800000000005,1408.188,0.4338434653916211,0.4358949681238616,0.4342420081967213,0.4346601472374013,5,43920
2024,Sumatera Utara,25.16785063752277,89.66145264116577,3885.2200000000003,3885.2200000000003,1285.548,0.42154171220400727,0.4231881375227687,0.4217943078324226,0.42217471918639954,5,43920
