province,city_regency,selection_basis,geocoding_query,selection_method,geocoding_query_original,geocoding_correction_note
Aceh,Aceh Utara,"Kandidat top kab/kot sentra tanaman pangan untuk padi, jagung, kacang tanah, dan kacang hijau; perlu validasi dengan data produksi kab/kot 2020-2024",Lhoksukon,draft_top_food_crop_candidate,Aceh Utara,Ibu kota Kabupaten Aceh Utara
Aceh,Aceh Besar,"Kandidat top kab/kot sentra tanaman pangan untuk padi, jagung, kacang tanah, dan kacang hijau; perlu validasi dengan data produksi kab/kot 2020-2024",Kota Jantho,draft_top_food_crop_candidate,Aceh Besar,Ibu kota Kabupaten Aceh Besar
Aceh,Pidie,"Kandidat top kab/kot sentra tanaman pangan untuk padi, jagung, kacang tanah, dan kacang hijau; perlu validasi dengan data produksi kab/kot 2020-2024",Pidie,draft_top_food_crop_candidate,Pidie,
Aceh,Bireuen,"Kandidat top kab/kot sentra tanaman pangan untuk padi, jagung, kacang tanah, dan kacang hijau; perlu validasi dengan data produksi kab/kot 2020-2024",Kota Juang,draft_top_food_crop_candidate,Bireuen,Ibu kota Kabupaten Bireuen
Aceh,Aceh Timur,"Kandidat top kab/kot sentra tanaman pangan untuk padi, jagung, kacang tanah, dan kacang hijau; perlu validasi dengan data produksi kab/kot 2020-2024",Idi Rayeuk,draft_top_food_crop_candidate,Aceh Timur,Ibu kota Kabupaten Aceh Timur
Sumatera Utara,Deli Serdang,"Kandidat top kab/kot sentra tanaman pangan untuk padi, jagung, kacang tanah, dan kacang hijau; perlu validasi dengan data produksi kab/kot 2020-2024",Lubuk Pakam,draft_top_food_crop_candidate,Lubuk Pakam,
Sumatera Utara,Serdang Bedagai,"Kandidat top kab/kot sentra tanaman pangan untuk padi, jagung, kacang tanah, dan kacang hijau; perlu validasi dengan data produksi kab/kot 2020-2024",Sei Rampah,draft_top_food_crop_candidate,Sei Rampah,
Sumatera Utara,Simalungun,"Kandidat top kab/kot sentra tanaman pangan untuk padi, jagung, kacang tanah, dan kacang hijau; perlu validasi dengan data produksi kab/kot 2020-2024",Pematang Raya,draft_top_food_crop_candidate,Pematang Raya,
Sumatera Utara,Langkat,"Kandidat top kab/kot sentra tanaman pangan untuk padi, jagung, kacang tanah, dan kacang hijau; perlu validasi dengan data produksi kab/kot 2020-2024",Stabat,draft_top_food_crop_candidate,Stabat,
Sumatera Utara,Mandailing Natal,"Kandidat top kab/kot sentra tanaman pangan untuk padi, jagung, kacang tanah, dan kacang hijau; perlu validasi dengan data produksi kab/kot 2020-2024",Panyabungan,draft_top_food_crop_candidate,Panyabungan,
Sumatera Barat,Agam,"Kandidat top kab/kot sentra tanaman pangan untuk padi, jagung, kacang tanah, dan kacang hijau; perlu validasi dengan data produksi kab/kot 2020-2024",Lubuk Basung,draft_top_food_crop_candidate,Lubuk Basung,
Sumatera Barat,Tanah Datar,"Kandidat top kab/kot sentra tanaman pangan untuk padi, jagung, kacang tanah, dan kacang hijau; perlu validasi dengan data produksi kab/kot 2020-2024",Batusangkar,draft_top_food_crop_candidate,Batusangkar,
Sumatera Barat,Lima Puluh Kota,"Kandidat top kab/kot sentra tanaman pangan untuk padi, jagung, kacang tanah, dan kacang hijau; perlu validasi dengan data produksi kab/kot 2020-2024",Sarilamak,draft_top_food_crop_candidate,Sarilamak,
Sumatera Barat,Solok,"Kandidat top kab/kot sentra tanaman pangan untuk padi, jagung, kacang tanah, dan kacang hijau; perlu validasi dengan data produksi kab/kot 2020-2024",Arosuka,draft_top_food_crop_candidate,Arosuka,
Sumatera Barat,Pasaman Barat,"Kandidat top kab/kot sentra tanaman pangan untuk padi, jagung, kacang tanah, dan kacang hijau; perlu validasi dengan data produksi kab/kot 2020-2024",Simpang Empat,draft_top_food_crop_candidate,Simpang Empat,
Riau,Kampar,"Kandidat top kab/kot sentra tanaman pangan untuk padi, jagung, kacang tanah, dan kacang hijau; perlu validasi dengan data produksi kab/kot 2020-2024",Bangkinang,draft_top_food_crop_candidate,Bangkinang,
Riau,Rokan Hilir,"Kandidat top kab/kot sentra tanaman pangan untuk padi, jagung, kacang tanah, dan kacang hijau; perlu validasi dengan data produksi kab/kot 2020-2024",Bagansiapiapi,draft_top_food_crop_candidate,Bagan Siapiapi,Ejaan alternatif tanpa spasi
Riau,Indragiri Hilir,"Kandidat top kab/kot sentra tanaman pangan untuk padi, jagung, kacang tanah, dan kacang hijau; perlu validasi dengan data produksi kab/kot 2020-2024",Tembilahan,draft_top_food_crop_candidate,Tembilahan,
Riau,Siak,"Kandidat top kab/kot sentra tanaman pangan untuk padi, jagung, kacang tanah, dan kacang hijau; perlu validasi dengan data produksi kab/kot 2020-2024",Siak Sri Indrapura,draft_top_food_crop_candidate,Siak Sri Indrapura,
Riau,Rokan Hulu,"Kandidat top kab/kot sentra tanaman pangan untuk padi, jagung, kacang tanah, dan kacang hijau; perlu validasi dengan data produksi kab/kot 2020-2024",Pasir Pengaraian,draft_top_food_crop_candidate,Pasir Pengaraian,
Kepulauan Riau,Bintan,"Kandidat top kab/kot sentra tanaman pangan untuk padi, jagung, kacang tanah, dan kacang hijau; perlu validasi dengan data produksi kab/kot 2020-2024",Bintan,draft_top_food_crop_candidate,Bintan,
Kepulauan Riau,Karimun,"Kandidat top kab/kot sentra tanaman pangan untuk padi, jagung, kacang tanah, dan kacang hijau; perlu validasi dengan data produksi kab/kot 2020-2024",Karimun,draft_top_food_crop_candidate,Karimun,
Kepulauan Riau,Lingga,"Kandidat top kab/kot sentra tanaman pangan untuk padi, jagung, kacang tanah, dan kacang hijau; perlu validasi dengan data produksi kab/kot 2020-2024",Daik,draft_top_food_crop_candidate,Daik,
Kepulauan Riau,Natuna,"Kandidat top kab/kot sentra tanaman pangan untuk padi, jagung, kacang tanah, dan kacang hijau; perlu validasi dengan data produksi kab/kot 2020-2024",Ranai,draft_top_food_crop_candidate,Ranai,
Kepulauan Riau,Batam,"Kandidat top kab/kot sentra tanaman pangan untuk padi, jagung, kacang tanah, dan kacang hijau; perlu validasi dengan data produksi kab/kot 2020-2024",Batam,draft_top_food_crop_candidate,Batam,
Jambi,Kerinci,"Kandidat top kab/kot sentra tanaman pangan untuk padi, jagung, kacang tanah, dan kacang hijau; perlu validasi dengan data produksi kab/kot 2020-2024",Siulak,draft_top_food_crop_candidate,Siulak,
Jambi,Merangin,"Kandidat top kab/kot sentra tanaman pangan untuk padi, jagung, kacang tanah, dan kacang hijau; perlu validasi dengan data produksi kab/kot 2020-2024",Bangko,draft_top_food_crop_candidate,Bangko,
Jambi,Muaro Jambi,"Kandidat top kab/kot sentra tanaman pangan untuk padi, jagung, kacang tanah, dan kacang hijau; perlu validasi dengan data produksi kab/kot 2020-2024",Sengeti,draft_top_food_crop_candidate,Sengeti,
Jambi,Tanjung Jabung Timur,"Kandidat top kab/kot sentra tanaman pangan untuk padi, jagung, kacang tanah, dan kacang hijau; perlu validasi dengan data produksi kab/kot 2020-2024",Muara Sabak,draft_top_food_crop_candidate,Muara Sabak,
Jambi,Batanghari,"Kandidat top kab/kot sentra tanaman pangan untuk padi, jagung, kacang tanah, dan kacang hijau; perlu validasi dengan data produksi kab/kot 2020-2024",Muara Bulian,draft_top_food_crop_candidate,Muara Bulian,
Sumatera Selatan,Ogan Komering Ulu Timur,"Kandidat top kab/kot sentra tanaman pangan untuk padi, jagung, kacang tanah, dan kacang hijau; perlu validasi dengan data produksi kab/kot 2020-2024",Martapura,draft_top_food_crop_candidate,Martapura,
Sumatera Selatan,Ogan Komering Ilir,"Kandidat top kab/kot sentra tanaman pangan untuk padi, jagung, kacang tanah, dan kacang hijau; perlu validasi dengan data produksi kab/kot 2020-2024",Kayu Agung,draft_top_food_crop_candidate,Kayu Agung,
Sumatera Selatan,Banyuasin,"Kandidat top kab/kot sentra tanaman pangan untuk padi, jagung, kacang tanah, dan kacang hijau; perlu validasi dengan data produksi kab/kot 2020-2024",Pangkalan Balai,draft_top_food_crop_candidate,Pangkalan Balai,
Sumatera Selatan,Musi Banyuasin,"Kandidat top kab/kot sentra tanaman pangan untuk padi, jagung, kacang tanah, dan kacang hijau; perlu validasi dengan data produksi kab/kot 2020-2024",Sekayu,draft_top_food_crop_candidate,Sekayu,
Sumatera Selatan,Muara Enim,"Kandidat top kab/kot sentra tanaman pangan untuk padi, jagung, kacang tanah, dan kacang hijau; perlu validasi dengan data produksi kab/kot 2020-2024",Muara Enim,draft_top_food_crop_candidate,Muara Enim,
Kepulauan Bangka Belitung,Bangka,"Kandidat top kab/kot sentra tanaman pangan untuk padi, jagung, kacang tanah, dan kacang hijau; perlu validasi dengan data produksi kab/kot 2020-2024",Sungailiat,draft_top_food_crop_candidate,Sungailiat,
Kepulauan Bangka Belitung,Bangka Selatan,"Kandidat top kab/kot sentra tanaman pangan untuk padi, jagung, kacang tanah, dan kacang hijau; perlu validasi dengan data produksi kab/kot 2020-2024",Toboali,draft_top_food_crop_candidate,Toboali,
Kepulauan Bangka Belitung,Belitung,"Kandidat top kab/kot sentra tanaman pangan untuk padi, jagung, kacang tanah, dan kacang hijau; perlu validasi dengan data produksi kab/kot 2020-2024",Tanjung Pandan,draft_top_food_crop_candidate,Tanjung Pandan,
Kepulauan Bangka Belitung,Bangka Barat,"Kandidat top kab/kot sentra tanaman pangan untuk padi, jagung, kacang tanah, dan kacang hijau; perlu validasi dengan data produksi kab/kot 2020-2024",Muntok,draft_top_food_crop_candidate,Muntok,
Kepulauan Bangka Belitung,Belitung Timur,"Kandidat top kab/kot sentra tanaman pangan untuk padi, jagung, kacang tanah, dan kacang hijau; perlu validasi dengan data produksi kab/kot 2020-2024",Manggar,draft_top_food_crop_candidate,Manggar,
Bengkulu,Bengkulu Selatan,"Kandidat top kab/kot sentra tanaman pangan untuk padi, jagung, kacang tanah, dan kacang hijau; perlu validasi dengan data produksi kab/kot 2020-2024",Manna,draft_top_food_crop_candidate,Manna,
Bengkulu,Rejang Lebong,"Kandidat top kab/kot sentra tanaman pangan untuk padi, jagung, kacang tanah, dan kacang hijau; perlu validasi dengan data produksi kab/kot 2020-2024",Curup,draft_top_food_crop_candidate,Curup,
Bengkulu,Seluma,"Kandidat top kab/kot sentra tanaman pangan untuk padi, jagung, kacang tanah, dan kacang hijau; perlu validasi dengan data produksi kab/kot 2020-2024",Tais,draft_top_food_crop_candidate,Tais,
Bengkulu,Mukomuko,"Kandidat top kab/kot sentra tanaman pangan untuk padi, jagung, kacang tanah, dan kacang hijau; perlu validasi dengan data produksi kab/kot 2020-2024",Mukomuko,draft_top_food_crop_candidate,Mukomuko,
Bengkulu,Kaur,"Kandidat top kab/kot sentra tanaman pangan untuk padi, jagung, kacang tanah, dan kacang hijau; perlu validasi dengan data produksi kab/kot 2020-2024",Bintuhan,draft_top_food_crop_candidate,Bintuhan,
Lampung,Lampung Tengah,"Kandidat top kab/kot sentra tanaman pangan untuk padi, jagung, kacang tanah, dan kacang hijau; perlu validasi dengan data produksi kab/kot 2020-2024",Gunung Sugih,draft_top_food_crop_candidate,Gunung Sugih,
Lampung,Lampung Timur,"Kandidat top kab/kot sentra tanaman pangan untuk padi, jagung, kacang tanah, dan kacang hijau; perlu validasi dengan data produksi kab/kot 2020-2024",Sukadana,draft_top_food_crop_candidate,Sukadana,
Lampung,Lampung Selatan,"Kandidat top kab/kot sentra tanaman pangan untuk padi, jagung, kacang tanah, dan kacang hijau; perlu validasi dengan data produksi kab/kot 2020-2024",Kalianda,draft_top_food_crop_candidate,Kalianda,
Lampung,Tulang Bawang,"Kandidat top kab/kot sentra tanaman pangan untuk padi, jagung, kacang tanah, dan kacang hijau; perlu validasi dengan data produksi kab/kot 2020-2024",Menggala,draft_top_food_crop_candidate,Menggala,
Lampung,Lampung Utara,"Kandidat top kab/kot sentra tanaman pangan untuk padi, jagung, kacang tanah, dan kacang hijau; perlu validasi dengan data produksi kab/kot 2020-2024",Kotabumi,draft_top_food_crop_candidate,Kotabumi,
Banten,Pandeglang,"Kandidat top kab/kot sentra tanaman pangan untuk padi, jagung, kacang tanah, dan kacang hijau; perlu validasi dengan data produksi kab/kot 2020-2024",Pandeglang,draft_top_food_crop_candidate,Pandeglang,
Banten,Lebak,"Kandidat top kab/kot sentra tanaman pangan untuk padi, jagung, kacang tanah, dan kacang hijau; perlu validasi dengan data produksi kab/kot 2020-2024",Rangkasbitung,draft_top_food_crop_candidate,Rangkasbitung,
Banten,Serang,"Kandidat top kab/kot sentra tanaman pangan untuk padi, jagung, kacang tanah, dan kacang hijau; perlu validasi dengan data produksi kab/kot 2020-2024",Ciruas,draft_top_food_crop_candidate,Ciruas,
Banten,Tangerang,"Kandidat top kab/kot sentra tanaman pangan untuk padi, jagung, kacang tanah, dan kacang hijau; perlu validasi dengan data produksi kab/kot 2020-2024",Tigaraksa,draft_top_food_crop_candidate,Tigaraksa,
Banten,Cilegon,"Kandidat top kab/kot sentra tanaman pangan untuk padi, jagung, kacang tanah, dan kacang hijau; perlu validasi dengan data produksi kab/kot 2020-2024",Cilegon,draft_top_food_crop_candidate,Cilegon,
DKI Jakarta,Jakarta Timur,"Kandidat top kab/kot sentra tanaman pangan untuk padi, jagung, kacang tanah, dan kacang hijau; perlu validasi dengan data produksi kab/kot 2020-2024",East Jakarta,draft_top_food_crop_candidate,Jakarta Timur,Nama bahasa Inggris wilayah administrasi
DKI Jakarta,Jakarta Selatan,"Kandidat top kab/kot sentra tanaman pangan untuk padi, jagung, kacang tanah, dan kacang hijau; perlu validasi dengan data produksi kab/kot 2020-2024",South Jakarta,draft_top_food_crop_candidate,Jakarta Selatan,Nama bahasa Inggris wilayah administrasi
DKI Jakarta,Jakarta Barat,"Kandidat top kab/kot sentra tanaman pangan untuk padi, jagung, kacang tanah, dan kacang hijau; perlu validasi dengan data produksi kab/kot 2020-2024",West Jakarta,draft_top_food_crop_candidate,Jakarta Barat,Nama bahasa Inggris wilayah administrasi
DKI Jakarta,Jakarta Utara,"Kandidat top kab/kot sentra tanaman pangan untuk padi, jagung, kacang tanah, dan kacang hijau; perlu validasi dengan data produksi kab/kot 2020-2024",North Jakarta,draft_top_food_crop_candidate,Jakarta Utara,Nama bahasa Inggris wilayah administrasi
DKI Jakarta,Kepulauan Seribu,"Kandidat top kab/kot sentra tanaman pangan untuk padi, jagung, kacang tanah, dan kacang hijau; perlu validasi dengan data produksi kab/kot 2020-2024",Pulau Pramuka,draft_top_food_crop_candidate,Pulau Pramuka,
Jawa Barat,Indramayu,"Kandidat top kab/kot sentra tanaman pangan untuk padi, jagung, kacang tanah, dan kacang hijau; perlu validasi dengan data produksi kab/kot 2020-2024",Indramayu,draft_top_food_crop_candidate,Indramayu,
Jawa Barat,Karawang,"Kandidat top kab/kot sentra tanaman pangan untuk padi, jagung, kacang tanah, dan kacang hijau; perlu validasi dengan data produksi kab/kot 2020-2024",Karawang,draft_top_food_crop_candidate,Karawang,
Jawa Barat,Subang,"Kandidat top kab/kot sentra tanaman pangan untuk padi, jagung, kacang tanah, dan kacang hijau; perlu validasi dengan data produksi kab/kot 2020-2024",Subang,draft_top_food_crop_candidate,Subang,
Jawa Barat,Cianjur,"Kandidat top kab/kot sentra tanaman pangan untuk padi, jagung, kacang tanah, dan kacang hijau; perlu validasi dengan data produksi kab/kot 2020-2024",Cianjur,draft_top_food_crop_candidate,Cianjur,
Jawa Barat,Garut,"Kandidat top kab/kot sentra tanaman pangan untuk padi, jagung, kacang tanah, dan kacang hijau; perlu validasi dengan data produksi kab/kot 2020-2024",Garut,draft_top_food_crop_candidate,Garut,
Jawa Tengah,Grobogan,"Kandidat top kab/kot sentra tanaman pangan untuk padi, jagung, kacang tanah, dan kacang hijau; perlu validasi dengan data produksi kab/kot 2020-2024",Purwodadi,draft_top_food_crop_candidate,Purwodadi,
Jawa Tengah,Sragen,"Kandidat top kab/kot sentra tanaman pangan untuk padi, jagung, kacang tanah, dan kacang hijau; perlu validasi dengan data produksi kab/kot 2020-2024",Sragen,draft_top_food_crop_candidate,Sragen,
Jawa Tengah,Cilacap,"Kandidat top kab/kot sentra tanaman pangan untuk padi, jagung, kacang tanah, dan kacang hijau; perlu validasi dengan data produksi kab/kot 2020-2024",Cilacap,draft_top_food_crop_candidate,Cilacap,
Jawa Tengah,Demak,"Kandidat top kab/kot sentra tanaman pangan untuk padi, jagung, kacang tanah, dan kacang hijau; perlu validasi dengan data produksi kab/kot 2020-2024",Demak,draft_top_food_crop_candidate,Demak,
Jawa Tengah,Pati,"Kandidat top kab/kot sentra tanaman pangan untuk padi, jagung, kacang tanah, dan kacang hijau; perlu validasi dengan data produksi kab/kot 2020-2024",Pati,draft_top_food_crop_candidate,Pati,
DI Yogyakarta,Sleman,"Kandidat top kab/kot sentra tanaman pangan untuk padi, jagung, kacang tanah, dan kacang hijau; perlu validasi dengan data produksi kab/kot 2020-2024",Sleman,draft_top_food_crop_candidate,Sleman,
DI Yogyakarta,Bantul,"Kandidat top kab/kot sentra tanaman pangan untuk padi, jagung, kacang tanah, dan kacang hijau; perlu validasi dengan data produksi kab/kot 2020-2024",Bantul,draft_top_food_crop_candidate,Bantul,
DI Yogyakarta,Gunungkidul,"Kandidat top kab/kot sentra tanaman pangan untuk padi, jagung, kacang tanah, dan kacang hijau; perlu validasi dengan data produksi kab/kot 2020-2024",Wonosari,draft_top_food_crop_candidate,Wonosari,
DI Yogyakarta,Kulon Progo,"Kandidat top kab/kot sentra tanaman pangan untuk padi, jagung, kacang tanah, dan kacang hijau; perlu validasi dengan data produksi kab/kot 2020-2024",Wates,draft_top_food_crop_candidate,Wates,
DI Yogyakarta,Yogyakarta,"Kandidat top kab/kot sentra tanaman pangan untuk padi, jagung, kacang tanah, dan kacang hijau; perlu validasi dengan data produksi kab/kot 2020-2024",Yogyakarta,draft_top_food_crop_candidate,Yogyakarta,
Jawa Timur,Lamongan,"Kandidat top kab/kot sentra tanaman pangan untuk padi, jagung, kacang tanah, dan kacang hijau; perlu validasi dengan data produksi kab/kot 2020-2024",Lamongan,draft_top_food_crop_candidate,Lamongan,
Jawa Timur,Tuban,"Kandidat top kab/kot sentra tanaman pangan untuk padi, jagung, kacang tanah, dan kacang hijau; perlu validasi dengan data produksi kab/kot 2020-2024",Tuban,draft_top_food_crop_candidate,Tuban,
Jawa Timur,Jember,"Kandidat top kab/kot sentra tanaman pangan untuk padi, jagung, kacang tanah, dan kacang hijau; perlu validasi dengan data produksi kab/kot 2020-2024",Jember,draft_top_food_crop_candidate,Jember,
Jawa Timur,Ngawi,"Kandidat top kab/kot sentra tanaman pangan untuk padi, jagung, kacang tanah, dan kacang hijau; perlu validasi dengan data produksi kab/kot 2020-2024",Ngawi,draft_top_food_crop_candidate,Ngawi,
Jawa Timur,Bojonegoro,"Kandidat top kab/kot sentra tanaman pangan untuk padi, jagung, kacang tanah, dan kacang hijau; perlu validasi dengan data produksi kab/kot 2020-2024",Bojonegoro,draft_top_food_crop_candidate,Bojonegoro,
Bali,Tabanan,"Kandidat top kab/kot sentra tanaman pangan untuk padi, jagung, kacang tanah, dan kacang hijau; perlu validasi dengan data produksi kab/kot 2020-2024",Tabanan,draft_top_food_crop_candidate,Tabanan,
Bali,Gianyar,"Kandidat top kab/kot sentra tanaman pangan untuk padi, jagung, kacang tanah, dan kacang hijau; perlu validasi dengan data produksi kab/kot 2020-2024",Gianyar,draft_top_food_crop_candidate,Gianyar,
Bali,Buleleng,"Kandidat top kab/kot sentra tanaman pangan untuk padi, jagung, kacang tanah, dan kacang hijau; perlu validasi dengan data produksi kab/kot 2020-2024",Singaraja,draft_top_food_crop_candidate,Singaraja,
Bali,Badung,"Kandidat top kab/kot sentra tanaman pangan untuk padi, jagung, kacang tanah, dan kacang hijau; perlu validasi dengan data produksi kab/kot 2020-2024",Mangupura,draft_top_food_crop_candidate,Mangupura,
Bali,Karangasem,"Kandidat top kab/kot sentra tanaman pangan untuk padi, jagung, kacang tanah, dan kacang hijau; perlu validasi dengan data produksi kab/kot 2020-2024",Amlapura,draft_top_food_crop_candidate,Amlapura,
Nusa Tenggara Barat,Lombok Tengah,"Kandidat top kab/kot sentra tanaman pangan untuk padi, jagung, kacang tanah, dan kacang hijau; perlu validasi dengan data produksi kab/kot 2020-2024",Praya,draft_top_food_crop_candidate,Praya,
Nusa Tenggara Barat,Lombok Timur,"Kandidat top kab/kot sentra tanaman pangan untuk padi, jagung, kacang tanah, dan kacang hijau; perlu validasi dengan data produksi kab/kot 2020-2024",Selong,draft_top_food_crop_candidate,Selong,
Nusa Tenggara Barat,Sumbawa,"Kandidat top kab/kot sentra tanaman pangan untuk padi, jagung, kacang tanah, dan kacang hijau; perlu validasi dengan data produksi kab/kot 2020-2024",Sumbawa Besar,draft_top_food_crop_candidate,Sumbawa Besar,
Nusa Tenggara Barat,Dompu,"Kandidat top kab/kot sentra tanaman pangan untuk padi, jagung, kacang tanah, dan kacang hijau; perlu validasi dengan data produksi kab/kot 2020-2024",Dompu,draft_top_food_crop_candidate,Dompu,
Nusa Tenggara Barat,Bima,"Kandidat top kab/kot sentra tanaman pangan untuk padi, jagung, kacang tanah, dan kacang hijau; perlu validasi dengan data produksi kab/kot 2020-2024",Bima,draft_top_food_crop_candidate,Bima,
Nusa Tenggara Timur,Manggarai,"Kandidat top kab/kot sentra tanaman pangan untuk padi, jagung, kacang tanah, dan kacang hijau; perlu validasi dengan data produksi kab/kot 2020-2024",Ruteng,draft_top_food_crop_candidate,Ruteng,
Nusa Tenggara Timur,Sumba Timur,"Kandidat top kab/kot sentra tanaman pangan untuk padi, jagung, kacang tanah, dan kacang hijau; perlu validasi dengan data produksi kab/kot 2020-2024",Waingapu,draft_top_food_crop_candidate,Waingapu,
Nusa Tenggara Timur,Kupang,"Kandidat top kab/kot sentra tanaman pangan untuk padi, jagung, kacang tanah, dan kacang hijau; perlu validasi dengan data produksi kab/kot 2020-2024",Oelamasi,draft_top_food_crop_candidate,Oelamasi,
Nusa Tenggara Timur,Timor Tengah Selatan,"Kandidat top kab/kot sentra tanaman pangan untuk padi, jagung, kacang tanah, dan kacang hijau; perlu validasi dengan data produksi kab/kot 2020-2024",Soe,draft_top_food_crop_candidate,Soe,
Nusa Tenggara Timur,Belu,"Kandidat top kab/kot sentra tanaman pangan untuk padi, jagung, kacang tanah, dan kacang hijau; perlu validasi dengan data produksi kab/kot 2020-2024",Atambua,draft_top_food_crop_candidate,Atambua,
Kalimantan Barat,Kubu Raya,"Kandidat top kab/kot sentra tanaman pangan untuk padi, jagung, kacang tanah, dan kacang hijau; perlu validasi dengan data produksi kab/kot 2020-2024",Sungai Raya,draft_top_food_crop_candidate,Sungai Raya,
Kalimantan Barat,Sambas,"Kandidat top kab/kot sentra tanaman pangan untuk padi, jagung, kacang tanah, dan kacang hijau; perlu validasi dengan data produksi kab/kot 2020-2024",Sambas,draft_top_food_crop_candidate,Sambas,
Kalimantan Barat,Landak,"Kandidat top kab/kot sentra tanaman pangan untuk padi, jagung, kacang tanah, dan kacang hijau; perlu validasi dengan data produksi kab/kot 2020-2024",Ngabang,draft_top_food_crop_candidate,Ngabang,
Kalimantan Barat,Mempawah,"Kandidat top kab/kot sentra tanaman pangan untuk padi, jagung, kacang tanah, dan kacang hijau; perlu validasi dengan data produksi kab/kot 2020-2024",Mempawah,draft_top_food_crop_candidate,Mempawah,
Kalimantan Barat,Sanggau,"Kandidat top kab/kot sentra tanaman pangan untuk padi, jagung, kacang tanah, dan kacang hijau; perlu validasi dengan data produksi kab/kot 2020-2024",Sanggau,draft_top_food_crop_candidate,Sanggau,
Kalimantan Tengah,Kapuas,"Kandidat top kab/kot sentra tanaman pangan untuk padi, jagung, kacang tanah, dan kacang hijau; perlu validasi dengan data produksi kab/kot 2020-2024",Kuala Kapuas Kalimantan Tengah,draft_top_food_crop_candidate,Kuala Kapuas,Query diperjelas agar tidak match ke Malaysia
Kalimantan Tengah,Pulang Pisau,"Kandidat top kab/kot sentra tanaman pangan untuk padi, jagung, kacang tanah, dan kacang hijau; perlu validasi dengan data produksi kab/kot 2020-2024",Pulang Pisau,draft_top_food_crop_candidate,Pulang Pisau,
Kalimantan Tengah,Kotawaringin Timur,"Kandidat top kab/kot sentra tanaman pangan untuk padi, jagung, kacang tanah, dan kacang hijau; perlu validasi dengan data produksi kab/kot 2020-2024",Sampit,draft_top_food_crop_candidate,Sampit,
Kalimantan Tengah,Barito Timur,"Kandidat top kab/kot sentra tanaman pangan untuk padi, jagung, kacang tanah, dan kacang hijau; perlu validasi dengan data produksi kab/kot 2020-2024",Tamiang Layang,draft_top_food_crop_candidate,Tamiang Layang,
Kalimantan Tengah,Seruyan,"Kandidat top kab/kot sentra tanaman pangan untuk padi, jagung, kacang tanah, dan kacang hijau; perlu validasi dengan data produksi kab/kot 2020-2024",Kuala Pembuang,draft_top_food_crop_candidate,Kuala Pembuang,
Kalimantan Selatan,Barito Kuala,"Kandidat top kab/kot sentra tanaman pangan untuk padi, jagung, kacang tanah, dan kacang hijau; perlu validasi dengan data produksi kab/kot 2020-2024",Marabahan,draft_top_food_crop_candidate,Marabahan,
Kalimantan Selatan,Banjar,"Kandidat top kab/kot sentra tanaman pangan untuk padi, jagung, kacang tanah, dan kacang hijau; perlu validasi dengan data produksi kab/kot 2020-2024",Martapura,draft_top_food_crop_candidate,Martapura,
Kalimantan Selatan,Hulu Sungai Selatan,"Kandidat top kab/kot sentra tanaman pangan untuk padi, jagung, kacang tanah, dan kacang hijau; perlu validasi dengan data produksi kab/kot 2020-2024",Kandangan,draft_top_food_crop_candidate,Kandangan,
Kalimantan Selatan,Tapin,"Kandidat top kab/kot sentra tanaman pangan untuk padi, jagung, kacang tanah, dan kacang hijau; perlu validasi dengan data produksi kab/kot 2020-2024",Rantau,draft_top_food_crop_candidate,Rantau,
Kalimantan Selatan,Tanah Laut,"Kandidat top kab/kot sentra tanaman pangan untuk padi, jagung, kacang tanah, dan kacang hijau; perlu validasi dengan data produksi kab/kot 2020-2024",Pelaihari,draft_top_food_crop_candidate,Pelaihari,
Kalimantan Timur,Kutai Kartanegara,"Kandidat top kab/kot sentra tanaman pangan untuk padi, jagung, kacang tanah, dan kacang hijau; perlu validasi dengan data produksi kab/kot 2020-2024",Tenggarong,draft_top_food_crop_candidate,Tenggarong,
Kalimantan Timur,Penajam Paser Utara,"Kandidat top kab/kot sentra tanaman pangan untuk padi, jagung, kacang tanah, dan kacang hijau; perlu validasi dengan data produksi kab/kot 2020-2024",Penajam,draft_top_food_crop_candidate,Penajam,
Kalimantan Timur,Paser,"Kandidat top kab/kot sentra tanaman pangan untuk padi, jagung, kacang tanah, dan kacang hijau; perlu validasi dengan data produksi kab/kot 2020-2024",Tanah Grogot,draft_top_food_crop_candidate,Tanah Grogot,
Kalimantan Timur,Kutai Timur,"Kandidat top kab/kot sentra tanaman pangan untuk padi, jagung, kacang tanah, dan kacang hijau; perlu validasi dengan data produksi kab/kot 2020-2024",Sangatta,draft_top_food_crop_candidate,Sangatta,
Kalimantan Timur,Berau,"Kandidat top kab/kot sentra tanaman pangan untuk padi, jagung, kacang tanah, dan kacang hijau; perlu validasi dengan data produksi kab/kot 2020-2024",Tanjung Redeb,draft_top_food_crop_candidate,Tanjung Redeb,
Kalimantan Utara,Bulungan,"Kandidat top kab/kot sentra tanaman pangan untuk padi, jagung, kacang tanah, dan kacang hijau; perlu validasi dengan data produksi kab/kot 2020-2024",Tanjung Selor,draft_top_food_crop_candidate,Tanjung Selor,
Kalimantan Utara,Nunukan,"Kandidat top kab/kot sentra tanaman pangan untuk padi, jagung, kacang tanah, dan kacang hijau; perlu validasi dengan data produksi kab/kot 2020-2024",Nunukan,draft_top_food_crop_candidate,Nunukan,
Kalimantan Utara,Malinau,"Kandidat top kab/kot sentra tanaman pangan untuk padi, jagung, kacang tanah, dan kacang hijau; perlu validasi dengan data produksi kab/kot 2020-2024",Malinau,draft_top_food_crop_candidate,Malinau,
Kalimantan Utara,Tana Tidung,"Kandidat top kab/kot sentra tanaman pangan untuk padi, jagung, kacang tanah, dan kacang hijau; perlu validasi dengan data produksi kab/kot 2020-2024",Tideng Pale,draft_top_food_crop_candidate,Tideng Pale,
Kalimantan Utara,Tarakan,"Kandidat top kab/kot sentra tanaman pangan untuk padi, jagung, kacang tanah, dan kacang hijau; perlu validasi dengan data produksi kab/kot 2020-2024",Tarakan,draft_top_food_crop_candidate,Tarakan,
Sulawesi Utara,Bolaang Mongondow,"Kandidat top kab/kot sentra tanaman pangan untuk padi, jagung, kacang tanah, dan kacang hijau; perlu validasi dengan data produksi kab/kot 2020-2024",Lolak,draft_top_food_crop_candidate,Lolak,
Sulawesi Utara,Minahasa,"Kandidat top kab/kot sentra tanaman pangan untuk padi, jagung, kacang tanah, dan kacang hijau; perlu validasi dengan data produksi kab/kot 2020-2024",Tondano,draft_top_food_crop_candidate,Tondano,
Sulawesi Utara,Minahasa Selatan,"Kandidat top kab/kot sentra tanaman pangan untuk padi, jagung, kacang tanah, dan kacang hijau; perlu validasi dengan data produksi kab/kot 2020-2024",South Minahasa,draft_top_food_crop_candidate,Amurang,Nama bahasa Inggris wilayah administrasi
Sulawesi Utara,Minahasa Utara,"Kandidat top kab/kot sentra tanaman pangan untuk padi, jagung, kacang tanah, dan kacang hijau; perlu validasi dengan data produksi kab/kot 2020-2024",Airmadidi,draft_top_food_crop_candidate,Airmadidi,
Sulawesi Utara,Bolaang Mongondow Utara,"Kandidat top kab/kot sentra tanaman pangan untuk padi, jagung, kacang tanah, dan kacang hijau; perlu validasi dengan data produksi kab/kot 2020-2024",Boroko,draft_top_food_crop_candidate,Boroko,
Gorontalo,Gorontalo,"Kandidat top kab/kot sentra tanaman pangan untuk padi, jagung, kacang tanah, dan kacang hijau; perlu validasi dengan data produksi kab/kot 2020-2024",Limboto,draft_top_food_crop_candidate,Limboto,
Gorontalo,Boalemo,"Kandidat top kab/kot sentra tanaman pangan untuk padi, jagung, kacang tanah, dan kacang hijau; perlu validasi dengan data produksi kab/kot 2020-2024",Tilamuta,draft_top_food_crop_candidate,Tilamuta,
Gorontalo,Pohuwato,"Kandidat top kab/kot sentra tanaman pangan untuk padi, jagung, kacang tanah, dan kacang hijau; perlu validasi dengan data produksi kab/kot 2020-2024",Marisa,draft_top_food_crop_candidate,Marisa,
Gorontalo,Bone Bolango,"Kandidat top kab/kot sentra tanaman pangan untuk padi, jagung, kacang tanah, dan kacang hijau; perlu validasi dengan data produksi kab/kot 2020-2024",Suwawa,draft_top_food_crop_candidate,Suwawa,
Gorontalo,Gorontalo Utara,"Kandidat top kab/kot sentra tanaman pangan untuk padi, jagung, kacang tanah, dan kacang hijau; perlu validasi dengan data produksi kab/kot 2020-2024",Kwandang,draft_top_food_crop_candidate,Kwandang,
Sulawesi Tengah,Parigi Moutong,"Kandidat top kab/kot sentra tanaman pangan untuk padi, jagung, kacang tanah, dan kacang hijau; perlu validasi dengan data produksi kab/kot 2020-2024",Parigi,draft_top_food_crop_candidate,Parigi,
Sulawesi Tengah,Donggala,"Kandidat top kab/kot sentra tanaman pangan untuk padi, jagung, kacang tanah, dan kacang hijau; perlu validasi dengan data produksi kab/kot 2020-2024",Donggala,draft_top_food_crop_candidate,Donggala,
Sulawesi Tengah,Sigi,"Kandidat top kab/kot sentra tanaman pangan untuk padi, jagung, kacang tanah, dan kacang hijau; perlu validasi dengan data produksi kab/kot 2020-2024",Sigi Biromaru,draft_top_food_crop_candidate,Sigi Biromaru,
Sulawesi Tengah,Poso,"Kandidat top kab/kot sentra tanaman pangan untuk padi, jagung, kacang tanah, dan kacang hijau; perlu validasi dengan data produksi kab/kot 2020-2024",Poso,draft_top_food_crop_candidate,Poso,
Sulawesi Tengah,Banggai,"Kandidat top kab/kot sentra tanaman pangan untuk padi, jagung, kacang tanah, dan kacang hijau; perlu validasi dengan data produksi kab/kot 2020-2024",Luwuk,draft_top_food_crop_candidate,Luwuk,
Sulawesi Barat,Polewali Mandar,"Kandidat top kab/kot sentra tanaman pangan untuk padi, jagung, kacang tanah, dan kacang hijau; perlu validasi dengan data produksi kab/kot 2020-2024",Polewali,draft_top_food_crop_candidate,Polewali,
Sulawesi Barat,Mamuju,"Kandidat top kab/kot sentra tanaman pangan untuk padi, jagung, kacang tanah, dan kacang hijau; perlu validasi dengan data produksi kab/kot 2020-2024",Mamuju,draft_top_food_crop_candidate,Mamuju,
Sulawesi Barat,Majene,"Kandidat top kab/kot sentra tanaman pangan untuk padi, jagung, kacang tanah, dan kacang hijau; perlu validasi dengan data produksi kab/kot 2020-2024",Majene,draft_top_food_crop_candidate,Majene,
Sulawesi Barat,Mamasa,"Kandidat top kab/kot sentra tanaman pangan untuk padi, jagung, kacang tanah, dan kacang hijau; perlu validasi dengan data produksi kab/kot 2020-2024",Mamasa,draft_top_food_crop_candidate,Mamasa,
Sulawesi Barat,Mamuju Tengah,"Kandidat top kab/kot sentra tanaman pangan untuk padi, jagung, kacang tanah, dan kacang hijau; perlu validasi dengan data produksi kab/kot 2020-2024",Tobadak,draft_top_food_crop_candidate,Tobadak,
Sulawesi Selatan,Bone,"Kandidat top kab/kot sentra tanaman pangan untuk padi, jagung, kacang tanah, dan kacang hijau; perlu validasi dengan data produksi kab/kot 2020-2024",Watampone,draft_top_food_crop_candidate,Watampone,
Sulawesi Selatan,Wajo,"Kandidat top kab/kot sentra tanaman pangan untuk padi, jagung, kacang tanah, dan kacang hijau; perlu validasi dengan data produksi kab/kot 2020-2024",Sengkang,draft_top_food_crop_candidate,Sengkang,
Sulawesi Selatan,Pinrang,"Kandidat top kab/kot sentra tanaman pangan untuk padi, jagung, kacang tanah, dan kacang hijau; perlu validasi dengan data produksi kab/kot 2020-2024",Pinrang,draft_top_food_crop_candidate,Pinrang,
Sulawesi Selatan,Sidenreng Rappang,"Kandidat top kab/kot sentra tanaman pangan untuk padi, jagung, kacang tanah, dan kacang hijau; perlu validasi dengan data produksi kab/kot 2020-2024",Sidenreng Rappang,draft_top_food_crop_candidate,Pangkajene Sidenreng,Nama kabupaten lengkap
Sulawesi Selatan,Gowa,"Kandidat top kab/kot sentra tanaman pangan untuk padi, jagung, kacang tanah, dan kacang hijau; perlu validasi dengan data produksi kab/kot 2020-2024",Sungguminasa,draft_top_food_crop_candidate,Sungguminasa,
Sulawesi Tenggara,Konawe,"Kandidat top kab/kot sentra tanaman pangan untuk padi, jagung, kacang tanah, dan kacang hijau; perlu validasi dengan data produksi kab/kot 2020-2024",Unaaha,draft_top_food_crop_candidate,Unaaha,
Sulawesi Tenggara,Kolaka Timur,"Kandidat top kab/kot sentra tanaman pangan untuk padi, jagung, kacang tanah, dan kacang hijau; perlu validasi dengan data produksi kab/kot 2020-2024",Tirawuta,draft_top_food_crop_candidate,Tirawuta,
Sulawesi Tenggara,Bombana,"Kandidat top kab/kot sentra tanaman pangan untuk padi, jagung, kacang tanah, dan kacang hijau; perlu validasi dengan data produksi kab/kot 2020-2024",Rumbia,draft_top_food_crop_candidate,Rumbia,
Sulawesi Tenggara,Muna,"Kandidat top kab/kot sentra tanaman pangan untuk padi, jagung, kacang tanah, dan kacang hijau; perlu validasi dengan data produksi kab/kot 2020-2024",Raha,draft_top_food_crop_candidate,Raha,
Sulawesi Tenggara,Konawe Selatan,"Kandidat top kab/kot sentra tanaman pangan untuk padi, jagung, kacang tanah, dan kacang hijau; perlu validasi dengan data produksi kab/kot 2020-2024",Andoolo,draft_top_food_crop_candidate,Andoolo,
Maluku,Maluku Tengah,"Kandidat top kab/kot sentra tanaman pangan untuk padi, jagung, kacang tanah, dan kacang hijau; perlu validasi dengan data produksi kab/kot 2020-2024",Masohi,draft_top_food_crop_candidate,Masohi,
Maluku,Seram Bagian Barat,"Kandidat top kab/kot sentra tanaman pangan untuk padi, jagung, kacang tanah, dan kacang hijau; perlu validasi dengan data produksi kab/kot 2020-2024",Piru,draft_top_food_crop_candidate,Piru,
Maluku,Buru,"Kandidat top kab/kot sentra tanaman pangan untuk padi, jagung, kacang tanah, dan kacang hijau; perlu validasi dengan data produksi kab/kot 2020-2024",Namlea,draft_top_food_crop_candidate,Namlea,
Maluku,Seram Bagian Timur,"Kandidat top kab/kot sentra tanaman pangan untuk padi, jagung, kacang tanah, dan kacang hijau; perlu validasi dengan data produksi kab/kot 2020-2024",Bula,draft_top_food_crop_candidate,Bula,
Maluku,Maluku Tenggara,"Kandidat top kab/kot sentra tanaman pangan untuk padi, jagung, kacang tanah, dan kacang hijau; perlu validasi dengan data produksi kab/kot 2020-2024",Langgur,draft_top_food_crop_candidate,Langgur,
Maluku Utara,Halmahera Utara,"Kandidat top kab/kot sentra tanaman pangan untuk padi, jagung, kacang tanah, dan kacang hijau; perlu validasi dengan data produksi kab/kot 2020-2024",Tobelo,draft_top_food_crop_candidate,Tobelo,
Maluku Utara,Halmahera Timur,"Kandidat top kab/kot sentra tanaman pangan untuk padi, jagung, kacang tanah, dan kacang hijau; perlu validasi dengan data produksi kab/kot 2020-2024",Maba,draft_top_food_crop_candidate,Maba,
Maluku Utara,Halmahera Selatan,"Kandidat top kab/kot sentra tanaman pangan untuk padi, jagung, kacang tanah, dan kacang hijau; perlu validasi dengan data produksi kab/kot 2020-2024",Labuha,draft_top_food_crop_candidate,Labuha,
Maluku Utara,Halmahera Barat,"Kandidat top kab/kot sentra tanaman pangan untuk padi, jagung, kacang tanah, dan kacang hijau; perlu validasi dengan data produksi kab/kot 2020-2024",Jailolo,draft_top_food_crop_candidate,Jailolo,
Maluku Utara,Tidore Kepulauan,"Kandidat top kab/kot sentra tanaman pangan untuk padi, jagung, kacang tanah, dan kacang hijau; perlu validasi dengan data produksi kab/kot 2020-2024",Tidore,draft_top_food_crop_candidate,Tidore,
Papua Barat,Manokwari,"Kandidat top kab/kot sentra tanaman pangan untuk padi, jagung, kacang tanah, dan kacang hijau; perlu validasi dengan data produksi kab/kot 2020-2024",Manokwari,draft_top_food_crop_candidate,Manokwari,
Papua Barat,Manokwari Selatan,"Kandidat top kab/kot sentra tanaman pangan untuk padi, jagung, kacang tanah, dan kacang hijau; perlu validasi dengan data produksi kab/kot 2020-2024",Ransiki,draft_top_food_crop_candidate,Ransiki,
Papua Barat,Teluk Bintuni,"Kandidat top kab/kot sentra tanaman pangan untuk padi, jagung, kacang tanah, dan kacang hijau; perlu validasi dengan data produksi kab/kot 2020-2024",Bintuni,draft_top_food_crop_candidate,Bintuni,
Papua Barat,Fakfak,"Kandidat top kab/kot sentra tanaman pangan untuk padi, jagung, kacang tanah, dan kacang hijau; perlu validasi dengan data produksi kab/kot 2020-2024",Fakfak,draft_top_food_crop_candidate,Fakfak,
Papua Barat,Kaimana,"Kandidat top kab/kot sentra tanaman pangan untuk padi, jagung, kacang tanah, dan kacang hijau; perlu validasi dengan data produksi kab/kot 2020-2024",Kaimana,draft_top_food_crop_candidate,Kaimana,
Papua Barat Daya,Sorong,"Kandidat top kab/kot sentra tanaman pangan untuk padi, jagung, kacang tanah, dan kacang hijau; perlu validasi dengan data produksi kab/kot 2020-2024",Aimas,draft_top_food_crop_candidate,Aimas,
Papua Barat Daya,Sorong Selatan,"Kandidat top kab/kot sentra tanaman pangan untuk padi, jagung, kacang tanah, dan kacang hijau; perlu validasi dengan data produksi kab/kot 2020-2024",Teminabuan,draft_top_food_crop_candidate,Teminabuan,
Papua Barat Daya,Raja Ampat,"Kandidat top kab/kot sentra tanaman pangan untuk padi, jagung, kacang tanah, dan kacang hijau; perlu validasi dengan data produksi kab/kot 2020-2024",Waisai,draft_top_food_crop_candidate,Waisai,
Papua Barat Daya,Maybrat,"Kandidat top kab/kot sentra tanaman pangan untuk padi, jagung, kacang tanah, dan kacang hijau; perlu validasi dengan data produksi kab/kot 2020-2024",Kumurkek,draft_top_food_crop_candidate,Kumurkek,
Papua Barat Daya,Tambrauw,"Kandidat top kab/kot sentra tanaman pangan untuk padi, jagung, kacang tanah, dan kacang hijau; perlu validasi dengan data produksi kab/kot 2020-2024",Fef,draft_top_food_crop_candidate,Fef,
Papua,Jayapura,"Kandidat top kab/kot sentra tanaman pangan untuk padi, jagung, kacang tanah, dan kacang hijau; perlu validasi dengan data produksi kab/kot 2020-2024",Sentani,draft_top_food_crop_candidate,Sentani,
Papua,Keerom,"Kandidat top kab/kot sentra tanaman pangan untuk padi, jagung, kacang tanah, dan kacang hijau; perlu validasi dengan data produksi kab/kot 2020-2024",Arso,draft_top_food_crop_candidate,Arso,
Papua,Sarmi,"Kandidat top kab/kot sentra tanaman pangan untuk padi, jagung, kacang tanah, dan kacang hijau; perlu validasi dengan data produksi kab/kot 2020-2024",Sarmi,draft_top_food_crop_candidate,Sarmi,
Papua,Biak Numfor,"Kandidat top kab/kot sentra tanaman pangan untuk padi, jagung, kacang tanah, dan kacang hijau; perlu validasi dengan data produksi kab/kot 2020-2024",Biak,draft_top_food_crop_candidate,Biak,
Papua,Kota Jayapura,"Kandidat top kab/kot sentra tanaman pangan untuk padi, jagung, kacang tanah, dan kacang hijau; perlu validasi dengan data produksi kab/kot 2020-2024",Jayapura,draft_top_food_crop_candidate,Jayapura,
Papua Tengah,Nabire,"Kandidat top kab/kot sentra tanaman pangan untuk padi, jagung, kacang tanah, dan kacang hijau; perlu validasi dengan data produksi kab/kot 2020-2024",Nabire,draft_top_food_crop_candidate,Nabire,
Papua Tengah,Mimika,"Kandidat top kab/kot sentra tanaman pangan untuk padi, jagung, kacang tanah, dan kacang hijau; perlu validasi dengan data produksi kab/kot 2020-2024",Timika,draft_top_food_crop_candidate,Timika,
Papua Tengah,Paniai,"Kandidat top kab/kot sentra tanaman pangan untuk padi, jagung, kacang tanah, dan kacang hijau; perlu validasi dengan data produksi kab/kot 2020-2024",Enarotali,draft_top_food_crop_candidate,Enarotali,
Papua Tengah,Dogiyai,"Kandidat top kab/kot sentra tanaman pangan untuk padi, jagung, kacang tanah, dan kacang hijau; perlu validasi dengan data produksi kab/kot 2020-2024",Kigamani,draft_top_food_crop_candidate,Kigamani,
Papua Tengah,Deiyai,"Kandidat top kab/kot sentra tanaman pangan untuk padi, jagung, kacang tanah, dan kacang hijau; perlu validasi dengan data produksi kab/kot 2020-2024",Tigi,draft_top_food_crop_candidate,Tigi,
Papua Pegunungan,Jayawijaya,"Kandidat top kab/kot sentra tanaman pangan untuk padi, jagung, kacang tanah, dan kacang hijau; perlu validasi dengan data produksi kab/kot 2020-2024",Wamena,draft_top_food_crop_candidate,Wamena,
Papua Pegunungan,Yahukimo,"Kandidat top kab/kot sentra tanaman pangan untuk padi, jagung, kacang tanah, dan kacang hijau; perlu validasi dengan data produksi kab/kot 2020-2024",Dekai,draft_top_food_crop_candidate,Dekai,
Papua Pegunungan,Tolikara,"Kandidat top kab/kot sentra tanaman pangan untuk padi, jagung, kacang tanah, dan kacang hijau; perlu validasi dengan data produksi kab/kot 2020-2024",Karubaga,draft_top_food_crop_candidate,Karubaga,
Papua Pegunungan,Lanny Jaya,"Kandidat top kab/kot sentra tanaman pangan untuk padi, jagung, kacang tanah, dan kacang hijau; perlu validasi dengan data produksi kab/kot 2020-2024",Tiom,draft_top_food_crop_candidate,Tiom,
Papua Pegunungan,Mamberamo Tengah,"Kandidat top kab/kot sentra tanaman pangan untuk padi, jagung, kacang tanah, dan kacang hijau; perlu validasi dengan data produksi kab/kot 2020-2024",Kobakma,draft_top_food_crop_candidate,Kobakma,
Papua Selatan,Merauke,"Kandidat top kab/kot sentra tanaman pangan untuk padi, jagung, kacang tanah, dan kacang hijau; perlu validasi dengan data produksi kab/kot 2020-2024",Merauke,draft_top_food_crop_candidate,Merauke,
Papua Selatan,Mappi,"Kandidat top kab/kot sentra tanaman pangan untuk padi, jagung, kacang tanah, dan kacang hijau; perlu validasi dengan data produksi kab/kot 2020-2024",Kepi,draft_top_food_crop_candidate,Kepi,
Papua Selatan,Boven Digoel,"Kandidat top kab/kot sentra tanaman pangan untuk padi, jagung, kacang tanah, dan kacang hijau; perlu validasi dengan data produksi kab/kot 2020-2024",Tanah Merah,draft_top_food_crop_candidate,Tanah Merah,
Papua Selatan,Asmat,"Kandidat top kab/kot sentra tanaman pangan untuk padi, jagung, kacang tanah, dan kacang hijau; perlu validasi dengan data produksi kab/kot 2020-2024",Agats,draft_top_food_crop_candidate,Agats,
