province,city_regency,selection_basis,geocoding_query,selection_method
Aceh,Aceh Utara,"Kandidat top kab/kot sentra tanaman pangan untuk padi, jagung, kacang tanah, dan kacang hijau; perlu validasi dengan data produksi kab/kot 2020-2024",Aceh Utara,draft_top_food_crop_candidate
Aceh,Aceh Besar,"Kandidat top kab/kot sentra tanaman pangan untuk padi, jagung, kacang tanah, dan kacang hijau; perlu validasi dengan data produksi kab/kot 2020-2024",Aceh Besar,draft_top_food_crop_candidate
Aceh,Pidie,"Kandidat top kab/kot sentra tanaman pangan untuk padi, jagung, kacang tanah, dan kacang hijau; perlu validasi dengan data produksi kab/kot 2020-2024",Pidie,draft_top_food_crop_candidate
Aceh,Bireuen,"Kandidat top kab/kot sentra tanaman pangan untuk padi, jagung, kacang tanah, dan kacang hijau; perlu validasi dengan data produksi kab/kot 2020-2024",Bireuen,draft_top_food_crop_candidate
Aceh,Aceh Timur,"Kandidat top kab/kot sentra tanaman pangan untuk padi, jagung, kacang tanah, dan kacang hijau; perlu validasi dengan data produksi kab/kot 2020-2024",Aceh Timur,draft_top_food_crop_candidate
Sumatera Utara,Deli Serdang,"Kandidat top kab/kot sentra tanaman pangan untuk padi, jagung, kacang tanah, dan kacang hijau; perlu validasi dengan data produksi kab/kot 2020-2024",Lubuk Pakam,draft_top_food_crop_candidate
Sumatera Utara,Serdang Bedagai,"Kandidat top kab/kot sentra tanaman pangan untuk padi, jagung, kacang tanah, dan kacang hijau; perlu validasi dengan data produksi kab/kot 2020-2024",Sei Rampah,draft_top_food_crop_candidate
Sumatera Utara,Simalungun,"Kandidat top kab/kot sentra tanaman pangan untuk padi, jagung, kacang tanah, dan kacang hijau; perlu validasi dengan data produksi kab/kot 2020-2024",Pematang Raya,draft_top_food_crop_candidate
Sumatera Utara,Langkat,"Kandidat top kab/kot sentra tanaman pangan untuk padi, jagung, kacang tanah, dan kacang hijau; perlu validasi dengan data produksi kab/kot 2020-2024",Stabat,draft_top_food_crop_candidate
Sumatera Utara,Mandailing Natal,"Kandidat top kab/kot sentra tanaman pangan untuk padi, jagung, kacang tanah, dan kacang hijau; perlu validasi dengan data produksi kab/kot 2020-2024",Panyabungan,draft_top_food_crop_candidate
Sumatera Barat,Agam,"Kandidat top kab/kot sentra tanaman pangan untuk padi, jagung, kacang tanah, dan kacang hijau; perlu validasi dengan data produksi kab/kot 2020-2024",Lubuk Basung,draft_top_food_crop_candidate
Sumatera Barat,Tanah Datar,"Kandidat top kab/kot sentra tanaman pangan untuk padi, jagung, kacang tanah, dan kacang hijau; perlu validasi dengan data produksi kab/kot 2020-2024",Batusangkar,draft_top_food_crop_candidate
Sumatera Barat,Lima Puluh Kota,"Kandidat top kab/kot sentra tanaman pangan untuk padi, jagung, kacang tanah, dan kacang hijau; perlu validasi dengan data produksi kab/kot 2020-2024",Sarilamak,draft_top_food_crop_candidate
Sumatera Barat,Solok,"Kandidat top kab/kot sentra tanaman pangan untuk padi, jagung, kacang tanah, dan kacang hijau; perlu validasi dengan data produksi kab/kot 2020-2024",Arosuka,draft_top_food_crop_candidate
Sumatera Barat,Pasaman Barat,"Kandidat top kab/kot sentra tanaman pangan untuk padi, jagung, kacang tanah, dan kacang hijau; perlu validasi dengan data produksi kab/kot 2020-2024",Simpang Empat,draft_top_food_crop_candidate
Riau,Kampar,"Kandidat top kab/kot sentra tanaman pangan untuk padi, jagung, kacang tanah, dan kacang hijau; perlu validasi dengan data produksi kab/kot 2020-2024",Bangkinang,draft_top_food_crop_candidate
Riau,Rokan Hilir,"Kandidat top kab/kot sentra tanaman pangan untuk padi, jagung, kacang tanah, dan kacang hijau; perlu validasi dengan data produksi kab/kot 2020-2024",Bagan Siapiapi,draft_top_food_crop_candidate
Riau,Indragiri Hilir,"Kandidat top kab/kot sentra tanaman pangan untuk padi, jagung, kacang tanah, dan kacang hijau; perlu validasi dengan data produksi kab/kot 2020-2024",Tembilahan,draft_top_food_crop_candidate
Riau,Siak,"Kandidat top kab/kot sentra tanaman pangan untuk padi, jagung, kacang tanah, dan kacang hijau; perlu validasi dengan data produksi kab/kot 2020-2024",Siak Sri Indrapura,draft_top_food_crop_candidate
Riau,Rokan Hulu,"Kandidat top kab/kot sentra tanaman pangan untuk padi, jagung, kacang tanah, dan kacang hijau; perlu validasi dengan data produksi kab/kot 2020-2024",Pasir Pengaraian,draft_top_food_crop_candidate
Kepulauan Riau,Bintan,"Kandidat top kab/kot sentra tanaman pangan untuk padi, jagung, kacang tanah, dan kacang hijau; perlu validasi dengan data produksi kab/kot 2020-2024",Bintan,draft_top_food_crop_candidate
Kepulauan Riau,Karimun,"Kandidat top kab/kot sentra tanaman pangan untuk padi, jagung, kacang tanah, dan kacang hijau; perlu validasi dengan data produksi kab/kot 2020-2024",Karimun,draft_top_food_crop_candidate
Kepulauan Riau,Lingga,"Kandidat top kab/kot sentra tanaman pangan untuk padi, jagung, kacang tanah, dan kacang hijau; perlu validasi dengan data produksi kab/kot 2020-2024",Daik,draft_top_food_crop_candidate
Kepulauan Riau,Natuna,"Kandidat top kab/kot sentra tanaman pangan untuk padi, jagung, kacang tanah, dan kacang hijau; perlu validasi dengan data produksi kab/kot 2020-2024",Ranai,draft_top_food_crop_candidate
Kepulauan Riau,Batam,"Kandidat top kab/kot sentra tanaman pangan untuk padi, jagung, kacang tanah, dan kacang hijau; perlu validasi dengan data produksi kab/kot 2020-2024",Batam,draft_top_food_crop_candidate
Jambi,Kerinci,"Kandidat top kab/kot sentra tanaman pangan untuk padi, jagung, kacang tanah, dan kacang hijau; perlu validasi dengan data produksi kab/kot 2020-2024",Siulak,draft_top_food_crop_candidate
Jambi,Merangin,"Kandidat top kab/kot sentra tanaman pangan untuk padi, jagung, kacang tanah, dan kacang hijau; perlu validasi dengan data produksi kab/kot 2020-2024",Bangko,draft_top_food_crop_candidate
Jambi,Muaro Jambi,"Kandidat top kab/kot sentra tanaman pangan untuk padi, jagung, kacang tanah, dan kacang hijau; perlu validasi dengan data produksi kab/kot 2020-2024",Sengeti,draft_top_food_crop_candidate
Jambi,Tanjung Jabung Timur,"Kandidat top kab/kot sentra tanaman pangan untuk padi, jagung, kacang tanah, dan kacang hijau; perlu validasi dengan data produksi kab/kot 2020-2024",Muara Sabak,draft_top_food_crop_candidate
Jambi,Batanghari,"Kandidat top kab/kot sentra tanaman pangan untuk padi, jagung, kacang tanah, dan kacang hijau; perlu validasi dengan data produksi kab/kot 2020-2024",Muara Bulian,draft_top_food_crop_candidate
Sumatera Selatan,Ogan Komering Ulu Timur,"Kandidat top kab/kot sentra tanaman pangan untuk padi, jagung, kacang tanah, dan kacang hijau; perlu validasi dengan data produksi kab/kot 2020-2024",Martapura,draft_top_food_crop_candidate
Sumatera Selatan,Ogan Komering Ilir,"Kandidat top kab/kot sentra tanaman pangan untuk padi, jagung, kacang tanah, dan kacang hijau; perlu validasi dengan data produksi kab/kot 2020-2024",Kayu Agung,draft_top_food_crop_candidate
Sumatera Selatan,Banyuasin,"Kandidat top kab/kot sentra tanaman pangan untuk padi, jagung, kacang tanah, dan kacang hijau; perlu validasi dengan data produksi kab/kot 2020-2024",Pangkalan Balai,draft_top_food_crop_candidate
Sumatera Selatan,Musi Banyuasin,"Kandidat top kab/kot sentra tanaman pangan untuk padi, jagung, kacang tanah, dan kacang hijau; perlu validasi dengan data produksi kab/kot 2020-2024",Sekayu,draft_top_food_crop_candidate
Sumatera Selatan,Muara Enim,"Kandidat top kab/kot sentra tanaman pangan untuk padi, jagung, kacang tanah, dan kacang hijau; perlu validasi dengan data produksi kab/kot 2020-2024",Muara Enim,draft_top_food_crop_candidate
Kepulauan Bangka Belitung,Bangka,"Kandidat top kab/kot sentra tanaman pangan untuk padi, jagung, kacang tanah, dan kacang hijau; perlu validasi dengan data produksi kab/kot 2020-2024",Sungailiat,draft_top_food_crop_candidate
Kepulauan Bangka Belitung,Bangka Selatan,"Kandidat top kab/kot sentra tanaman pangan untuk padi, jagung, kacang tanah, dan kacang hijau; perlu validasi dengan data produksi kab/kot 2020-2024",Toboali,draft_top_food_crop_candidate
Kepulauan Bangka Belitung,Belitung,"Kandidat top kab/kot sentra tanaman pangan untuk padi, jagung, kacang tanah, dan kacang hijau; perlu validasi dengan data produksi kab/kot 2020-2024",Tanjung Pandan,draft_top_food_crop_candidate
Kepulauan Bangka Belitung,Bangka Barat,"Kandidat top kab/kot sentra tanaman pangan untuk padi, jagung, kacang tanah, dan kacang hijau; perlu validasi dengan data produksi kab/kot 2020-2024",Muntok,draft_top_food_crop_candidate
Kepulauan Bangka Belitung,Belitung Timur,"Kandidat top kab/kot sentra tanaman pangan untuk padi, jagung, kacang tanah, dan kacang hijau; perlu validasi dengan data produksi kab/kot 2020-2024",Manggar,draft_top_food_crop_candidate
Bengkulu,Bengkulu Selatan,"Kandidat top kab/kot sentra tanaman pangan untuk padi, jagung, kacang tanah, dan kacang hijau; perlu validasi dengan data produksi kab/kot 2020-2024",Manna,draft_top_food_crop_candidate
Bengkulu,Rejang Lebong,"Kandidat top kab/kot sentra tanaman pangan untuk padi, jagung, kacang tanah, dan kacang hijau; perlu validasi dengan data produksi kab/kot 2020-2024",Curup,draft_top_food_crop_candidate
Bengkulu,Seluma,"Kandidat top kab/kot sentra tanaman pangan untuk padi, jagung, kacang tanah, dan kacang hijau; perlu validasi dengan data produksi kab/kot 2020-2024",Tais,draft_top_food_crop_candidate
Bengkulu,Mukomuko,"Kandidat top kab/kot sentra tanaman pangan untuk padi, jagung, kacang tanah, dan kacang hijau; perlu validasi dengan data produksi kab/kot 2020-2024",Mukomuko,draft_top_food_crop_candidate
Bengkulu,Kaur,"Kandidat top kab/kot sentra tanaman pangan untuk padi, jagung, kacang tanah, dan kacang hijau; perlu validasi dengan data produksi kab/kot 2020-2024",Bintuhan,draft_top_food_crop_candidate
Lampung,Lampung Tengah,"Kandidat top kab/kot sentra tanaman pangan untuk padi, jagung, kacang tanah, dan kacang hijau; perlu validasi dengan data produksi kab/kot 2020-2024",Gunung Sugih,draft_top_food_crop_candidate
Lampung,Lampung Timur,"Kandidat top kab/kot sentra tanaman pangan untuk padi, jagung, kacang tanah, dan kacang hijau; perlu validasi dengan data produksi kab/kot 2020-2024",Sukadana,draft_top_food_crop_candidate
Lampung,Lampung Selatan,"Kandidat top kab/kot sentra tanaman pangan untuk padi, jagung, kacang tanah, dan kacang hijau; perlu validasi dengan data produksi kab/kot 2020-2024",Kalianda,draft_top_food_crop_candidate
Lampung,Tulang Bawang,"Kandidat top kab/kot sentra tanaman pangan untuk padi, jagung, kacang tanah, dan kacang hijau; perlu validasi dengan data produksi kab/kot 2020-2024",Menggala,draft_top_food_crop_candidate
Lampung,Lampung Utara,"Kandidat top kab/kot sentra tanaman pangan untuk padi, jagung, kacang tanah, dan kacang hijau; perlu validasi dengan data produksi kab/kot 2020-2024",Kotabumi,draft_top_food_crop_candidate
Banten,Pandeglang,"Kandidat top kab/kot sentra tanaman pangan untuk padi, jagung, kacang tanah, dan kacang hijau; perlu validasi dengan data produksi kab/kot 2020-2024",Pandeglang,draft_top_food_crop_candidate
Banten,Lebak,"Kandidat top kab/kot sentra tanaman pangan untuk padi, jagung, kacang tanah, dan kacang hijau; perlu validasi dengan data produksi kab/kot 2020-2024",Rangkasbitung,draft_top_food_crop_candidate
Banten,Serang,"Kandidat top kab/kot sentra tanaman pangan untuk padi, jagung, kacang tanah, dan kacang hijau; perlu validasi dengan data produksi kab/kot 2020-2024",Ciruas,draft_top_food_crop_candidate
Banten,Tangerang,"Kandidat top kab/kot sentra tanaman pangan untuk padi, jagung, kacang tanah, dan kacang hijau; perlu validasi dengan data produksi kab/kot 2020-2024",Tigaraksa,draft_top_food_crop_candidate
Banten,Cilegon,"Kandidat top kab/kot sentra tanaman pangan untuk padi, jagung, kacang tanah, dan kacang hijau; perlu validasi dengan data produksi kab/kot 2020-2024",Cilegon,draft_top_food_crop_candidate
DKI Jakarta,Jakarta Timur,"Kandidat top kab/kot sentra tanaman pangan untuk padi, jagung, kacang tanah, dan kacang hijau; perlu validasi dengan data produksi kab/kot 2020-2024",Jakarta Timur,draft_top_food_crop_candidate
DKI Jakarta,Jakarta Selatan,"Kandidat top kab/kot sentra tanaman pangan untuk padi, jagung, kacang tanah, dan kacang hijau; perlu validasi dengan data produksi kab/kot 2020-2024",Jakarta Selatan,draft_top_food_crop_candidate
DKI Jakarta,Jakarta Barat,"Kandidat top kab/kot sentra tanaman pangan untuk padi, jagung, kacang tanah, dan kacang hijau; perlu validasi dengan data produksi kab/kot 2020-2024",Jakarta Barat,draft_top_food_crop_candidate
DKI Jakarta,Jakarta Utara,"Kandidat top kab/kot sentra tanaman pangan untuk padi, jagung, kacang tanah, dan kacang hijau; perlu validasi dengan data produksi kab/kot 2020-2024",Jakarta Utara,draft_top_food_crop_candidate
DKI Jakarta,Kepulauan Seribu,"Kandidat top kab/kot sentra tanaman pangan untuk padi, jagung, kacang tanah, dan kacang hijau; perlu validasi dengan data produksi kab/kot 2020-2024",Pulau Pramuka,draft_top_food_crop_candidate
Jawa Barat,Indramayu,"Kandidat top kab/kot sentra tanaman pangan untuk padi, jagung, kacang tanah, dan kacang hijau; perlu validasi dengan data produksi kab/kot 2020-2024",Indramayu,draft_top_food_crop_candidate
Jawa Barat,Karawang,"Kandidat top kab/kot sentra tanaman pangan untuk padi, jagung, kacang tanah, dan kacang hijau; perlu validasi dengan data produksi kab/kot 2020-2024",Karawang,draft_top_food_crop_candidate
Jawa Barat,Subang,"Kandidat top kab/kot sentra tanaman pangan untuk padi, jagung, kacang tanah, dan kacang hijau; perlu validasi dengan data produksi kab/kot 2020-2024",Subang,draft_top_food_crop_candidate
Jawa Barat,Cianjur,"Kandidat top kab/kot sentra tanaman pangan untuk padi, jagung, kacang tanah, dan kacang hijau; perlu validasi dengan data produksi kab/kot 2020-2024",Cianjur,draft_top_food_crop_candidate
Jawa Barat,Garut,"Kandidat top kab/kot sentra tanaman pangan untuk padi, jagung, kacang tanah, dan kacang hijau; perlu validasi dengan data produksi kab/kot 2020-2024",Garut,draft_top_food_crop_candidate
Jawa Tengah,Grobogan,"Kandidat top kab/kot sentra tanaman pangan untuk padi, jagung, kacang tanah, dan kacang hijau; perlu validasi dengan data produksi kab/kot 2020-2024",Purwodadi,draft_top_food_crop_candidate
Jawa Tengah,Sragen,"Kandidat top kab/kot sentra tanaman pangan untuk padi, jagung, kacang tanah, dan kacang hijau; perlu validasi dengan data produksi kab/kot 2020-2024",Sragen,draft_top_food_crop_candidate
Jawa Tengah,Cilacap,"Kandidat top kab/kot sentra tanaman pangan untuk padi, jagung, kacang tanah, dan kacang hijau; perlu validasi dengan data produksi kab/kot 2020-2024",Cilacap,draft_top_food_crop_candidate
Jawa Tengah,Demak,"Kandidat top kab/kot sentra tanaman pangan untuk padi, jagung, kacang tanah, dan kacang hijau; perlu validasi dengan data produksi kab/kot 2020-2024",Demak,draft_top_food_crop_candidate
Jawa Tengah,Pati,"Kandidat top kab/kot sentra tanaman pangan untuk padi, jagung, kacang tanah, dan kacang hijau; perlu validasi dengan data produksi kab/kot 2020-2024",Pati,draft_top_food_crop_candidate
DI Yogyakarta,Sleman,"Kandidat top kab/kot sentra tanaman pangan untuk padi, jagung, kacang tanah, dan kacang hijau; perlu validasi dengan data produksi kab/kot 2020-2024",Sleman,draft_top_food_crop_candidate
DI Yogyakarta,Bantul,"Kandidat top kab/kot sentra tanaman pangan untuk padi, jagung, kacang tanah, dan kacang hijau; perlu validasi dengan data produksi kab/kot 2020-2024",Bantul,draft_top_food_crop_candidate
DI Yogyakarta,Gunungkidul,"Kandidat top kab/kot sentra tanaman pangan untuk padi, jagung, kacang tanah, dan kacang hijau; perlu validasi dengan data produksi kab/kot 2020-2024",Wonosari,draft_top_food_crop_candidate
DI Yogyakarta,Kulon Progo,"Kandidat top kab/kot sentra tanaman pangan untuk padi, jagung, kacang tanah, dan kacang hijau; perlu validasi dengan data produksi kab/kot 2020-2024",Wates,draft_top_food_crop_candidate
DI Yogyakarta,Yogyakarta,"Kandidat top kab/kot sentra tanaman pangan untuk padi, jagung, kacang tanah, dan kacang hijau; perlu validasi dengan data produksi kab/kot 2020-2024",Yogyakarta,draft_top_food_crop_candidate
Jawa Timur,Lamongan,"Kandidat top kab/kot sentra tanaman pangan untuk padi, jagung, kacang tanah, dan kacang hijau; perlu validasi dengan data produksi kab/kot 2020-2024",Lamongan,draft_top_food_crop_candidate
Jawa Timur,Tuban,"Kandidat top kab/kot sentra tanaman pangan untuk padi, jagung, kacang tanah, dan kacang hijau; perlu validasi dengan data produksi kab/kot 2020-2024",Tuban,draft_top_food_crop_candidate
Jawa Timur,Jember,"Kandidat top kab/kot sentra tanaman pangan untuk padi, jagung, kacang tanah, dan kacang hijau; perlu validasi dengan data produksi kab/kot 2020-2024",Jember,draft_top_food_crop_candidate
Jawa Timur,Ngawi,"Kandidat top kab/kot sentra tanaman pangan untuk padi, jagung, kacang tanah, dan kacang hijau; perlu validasi dengan data produksi kab/kot 2020-2024",Ngawi,draft_top_food_crop_candidate
Jawa Timur,Bojonegoro,"Kandidat top kab/kot sentra tanaman pangan untuk padi, jagung, kacang tanah, dan kacang hijau; perlu validasi dengan data produksi kab/kot 2020-2024",Bojonegoro,draft_top_food_crop_candidate
Bali,Tabanan,"Kandidat top kab/kot sentra tanaman pangan untuk padi, jagung, kacang tanah, dan kacang hijau; perlu validasi dengan data produksi kab/kot 2020-2024",Tabanan,draft_top_food_crop_candidate
Bali,Gianyar,"Kandidat top kab/kot sentra tanaman pangan untuk padi, jagung, kacang tanah, dan kacang hijau; perlu validasi dengan data produksi kab/kot 2020-2024",Gianyar,draft_top_food_crop_candidate
Bali,Buleleng,"Kandidat top kab/kot sentra tanaman pangan untuk padi, jagung, kacang tanah, dan kacang hijau; perlu validasi dengan data produksi kab/kot 2020-2024",Singaraja,draft_top_food_crop_candidate
Bali,Badung,"Kandidat top kab/kot sentra tanaman pangan untuk padi, jagung, kacang tanah, dan kacang hijau; perlu validasi dengan data produksi kab/kot 2020-2024",Mangupura,draft_top_food_crop_candidate
Bali,Karangasem,"Kandidat top kab/kot sentra tanaman pangan untuk padi, jagung, kacang tanah, dan kacang hijau; perlu validasi dengan data produksi kab/kot 2020-2024",Amlapura,draft_top_food_crop_candidate
Nusa Tenggara Barat,Lombok Tengah,"Kandidat top kab/kot sentra tanaman pangan untuk padi, jagung, kacang tanah, dan kacang hijau; perlu validasi dengan data produksi kab/kot 2020-2024",Praya,draft_top_food_crop_candidate
Nusa Tenggara Barat,Lombok Timur,"Kandidat top kab/kot sentra tanaman pangan untuk padi, jagung, kacang tanah, dan kacang hijau; perlu validasi dengan data produksi kab/kot 2020-2024",Selong,draft_top_food_crop_candidate
Nusa Tenggara Barat,Sumbawa,"Kandidat top kab/kot sentra tanaman pangan untuk padi, jagung, kacang tanah, dan kacang hijau; perlu validasi dengan data produksi kab/kot 2020-2024",Sumbawa Besar,draft_top_food_crop_candidate
Nusa Tenggara Barat,Dompu,"Kandidat top kab/kot sentra tanaman pangan untuk padi, jagung, kacang tanah, dan kacang hijau; perlu validasi dengan data produksi kab/kot 2020-2024",Dompu,draft_top_food_crop_candidate
Nusa Tenggara Barat,Bima,"Kandidat top kab/kot sentra tanaman pangan untuk padi, jagung, kacang tanah, dan kacang hijau; perlu validasi dengan data produksi kab/kot 2020-2024",Bima,draft_top_food_crop_candidate
Nusa Tenggara Timur,Manggarai,"Kandidat top kab/kot sentra tanaman pangan untuk padi, jagung, kacang tanah, dan kacang hijau; perlu validasi dengan data produksi kab/kot 2020-2024",Ruteng,draft_top_food_crop_candidate
Nusa Tenggara Timur,Sumba Timur,"Kandidat top kab/kot sentra tanaman pangan untuk padi, jagung, kacang tanah, dan kacang hijau; perlu validasi dengan data produksi kab/kot 2020-2024",Waingapu,draft_top_food_crop_candidate
Nusa Tenggara Timur,Kupang,"Kandidat top kab/kot sentra tanaman pangan untuk padi, jagung, kacang tanah, dan kacang hijau; perlu validasi dengan data produksi kab/kot 2020-2024",Oelamasi,draft_top_food_crop_candidate
Nusa Tenggara Timur,Timor Tengah Selatan,"Kandidat top kab/kot sentra tanaman pangan untuk padi, jagung, kacang tanah, dan kacang hijau; perlu validasi dengan data produksi kab/kot 2020-2024",Soe,draft_top_food_crop_candidate
Nusa Tenggara Timur,Belu,"Kandidat top kab/kot sentra tanaman pangan untuk padi, jagung, kacang tanah, dan kacang hijau; perlu validasi dengan data produksi kab/kot 2020-2024",Atambua,draft_top_food_crop_candidate
Kalimantan Barat,Kubu Raya,"Kandidat top kab/kot sentra tanaman pangan untuk padi, jagung, kacang tanah, dan kacang hijau; perlu validasi dengan data produksi kab/kot 2020-2024",Sungai Raya,draft_top_food_crop_candidate
Kalimantan Barat,Sambas,"Kandidat top kab/kot sentra tanaman pangan untuk padi, jagung, kacang tanah, dan kacang hijau; perlu validasi dengan data produksi kab/kot 2020-2024",Sambas,draft_top_food_crop_candidate
Kalimantan Barat,Landak,"Kandidat top kab/kot sentra tanaman pangan untuk padi, jagung, kacang tanah, dan kacang hijau; perlu validasi dengan data produksi kab/kot 2020-2024",Ngabang,draft_top_food_crop_candidate
Kalimantan Barat,Mempawah,"Kandidat top kab/kot sentra tanaman pangan untuk padi, jagung, kacang tanah, dan kacang hijau; perlu validasi dengan data produksi kab/kot 2020-2024",Mempawah,draft_top_food_crop_candidate
Kalimantan Barat,Sanggau,"Kandidat top kab/kot sentra tanaman pangan untuk padi, jagung, kacang tanah, dan kacang hijau; perlu validasi dengan data produksi kab/kot 2020-2024",Sanggau,draft_top_food_crop_candidate
Kalimantan Tengah,Kapuas,"Kandidat top kab/kot sentra tanaman pangan untuk padi, jagung, kacang tanah, dan kacang hijau; perlu validasi dengan data produksi kab/kot 2020-2024",Kuala Kapuas,draft_top_food_crop_candidate
Kalimantan Tengah,Pulang Pisau,"Kandidat top kab/kot sentra tanaman pangan untuk padi, jagung, kacang tanah, dan kacang hijau; perlu validasi dengan data produksi kab/kot 2020-2024",Pulang Pisau,draft_top_food_crop_candidate
Kalimantan Tengah,Kotawaringin Timur,"Kandidat top kab/kot sentra tanaman pangan untuk padi, jagung, kacang tanah, dan kacang hijau; perlu validasi dengan data produksi kab/kot 2020-2024",Sampit,draft_top_food_crop_candidate
Kalimantan Tengah,Barito Timur,"Kandidat top kab/kot sentra tanaman pangan untuk padi, jagung, kacang tanah, dan kacang hijau; perlu validasi dengan data produksi kab/kot 2020-2024",Tamiang Layang,draft_top_food_crop_candidate
Kalimantan Tengah,Seruyan,"Kandidat top kab/kot sentra tanaman pangan untuk padi, jagung, kacang tanah, dan kacang hijau; perlu validasi dengan data produksi kab/kot 2020-2024",Kuala Pembuang,draft_top_food_crop_candidate
Kalimantan Selatan,Barito Kuala,"Kandidat top kab/kot sentra tanaman pangan untuk padi, jagung, kacang tanah, dan kacang hijau; perlu validasi dengan data produksi kab/kot 2020-2024",Marabahan,draft_top_food_crop_candidate
Kalimantan Selatan,Banjar,"Kandidat top kab/kot sentra tanaman pangan untuk padi, jagung, kacang tanah, dan kacang hijau; perlu validasi dengan data produksi kab/kot 2020-2024",Martapura,draft_top_food_crop_candidate
Kalimantan Selatan,Hulu Sungai Selatan,"Kandidat top kab/kot sentra tanaman pangan untuk padi, jagung, kacang tanah, dan kacang hijau; perlu validasi dengan data produksi kab/kot 2020-2024",Kandangan,draft_top_food_crop_candidate
Kalimantan Selatan,Tapin,"Kandidat top kab/kot sentra tanaman pangan untuk padi, jagung, kacang tanah, dan kacang hijau; perlu validasi dengan data produksi kab/kot 2020-2024",Rantau,draft_top_food_crop_candidate
Kalimantan Selatan,Tanah Laut,"Kandidat top kab/kot sentra tanaman pangan untuk padi, jagung, kacang tanah, dan kacang hijau; perlu validasi dengan data produksi kab/kot 2020-2024",Pelaihari,draft_top_food_crop_candidate
Kalimantan Timur,Kutai Kartanegara,"Kandidat top kab/kot sentra tanaman pangan untuk padi, jagung, kacang tanah, dan kacang hijau; perlu validasi dengan data produksi kab/kot 2020-2024",Tenggarong,draft_top_food_crop_candidate
Kalimantan Timur,Penajam Paser Utara,"Kandidat top kab/kot sentra tanaman pangan untuk padi, jagung, kacang tanah, dan kacang hijau; perlu validasi dengan data produksi kab/kot 2020-2024",Penajam,draft_top_food_crop_candidate
Kalimantan Timur,Paser,"Kandidat top kab/kot sentra tanaman pangan untuk padi, jagung, kacang tanah, dan kacang hijau; perlu validasi dengan data produksi kab/kot 2020-2024",Tanah Grogot,draft_top_food_crop_candidate
Kalimantan Timur,Kutai Timur,"Kandidat top kab/kot sentra tanaman pangan untuk padi, jagung, kacang tanah, dan kacang hijau; perlu validasi dengan data produksi kab/kot 2020-2024",Sangatta,draft_top_food_crop_candidate
Kalimantan Timur,Berau,"Kandidat top kab/kot sentra tanaman pangan untuk padi, jagung, kacang tanah, dan kacang hijau; perlu validasi dengan data produksi kab/kot 2020-2024",Tanjung Redeb,draft_top_food_crop_candidate
Kalimantan Utara,Bulungan,"Kandidat top kab/kot sentra tanaman pangan untuk padi, jagung, kacang tanah, dan kacang hijau; perlu validasi dengan data produksi kab/kot 2020-2024",Tanjung Selor,draft_top_food_crop_candidate
Kalimantan Utara,Nunukan,"Kandidat top kab/kot sentra tanaman pangan untuk padi, jagung, kacang tanah, dan kacang hijau; perlu validasi dengan data produksi kab/kot 2020-2024",Nunukan,draft_top_food_crop_candidate
Kalimantan Utara,Malinau,"Kandidat top kab/kot sentra tanaman pangan untuk padi, jagung, kacang tanah, dan kacang hijau; perlu validasi dengan data produksi kab/kot 2020-2024",Malinau,draft_top_food_crop_candidate
Kalimantan Utara,Tana Tidung,"Kandidat top kab/kot sentra tanaman pangan untuk padi, jagung, kacang tanah, dan kacang hijau; perlu validasi dengan data produksi kab/kot 2020-2024",Tideng Pale,draft_top_food_crop_candidate
Kalimantan Utara,Tarakan,"Kandidat top kab/kot sentra tanaman pangan untuk padi, jagung, kacang tanah, dan kacang hijau; perlu validasi dengan data produksi kab/kot 2020-2024",Tarakan,draft_top_food_crop_candidate
Sulawesi Utara,Bolaang Mongondow,"Kandidat top kab/kot sentra tanaman pangan untuk padi, jagung, kacang tanah, dan kacang hijau; perlu validasi dengan data produksi kab/kot 2020-2024",Lolak,draft_top_food_crop_candidate
Sulawesi Utara,Minahasa,"Kandidat top kab/kot sentra tanaman pangan untuk padi, jagung, kacang tanah, dan kacang hijau; perlu validasi dengan data produksi kab/kot 2020-2024",Tondano,draft_top_food_crop_candidate
Sulawesi Utara,Minahasa Selatan,"Kandidat top kab/kot sentra tanaman pangan untuk padi, jagung, kacang tanah, dan kacang hijau; perlu validasi dengan data produksi kab/kot 2020-2024",Amurang,draft_top_food_crop_candidate
Sulawesi Utara,Minahasa Utara,"Kandidat top kab/kot sentra tanaman pangan untuk padi, jagung, kacang tanah, dan kacang hijau; perlu validasi dengan data produksi kab/kot 2020-2024",Airmadidi,draft_top_food_crop_candidate
Sulawesi Utara,Bolaang Mongondow Utara,"Kandidat top kab/kot sentra tanaman pangan untuk padi, jagung, kacang tanah, dan kacang hijau; perlu validasi dengan data produksi kab/kot 2020-2024",Boroko,draft_top_food_crop_candidate
Gorontalo,Gorontalo,"Kandidat top kab/kot sentra tanaman pangan untuk padi, jagung, kacang tanah, dan kacang hijau; perlu validasi dengan data produksi kab/kot 2020-2024",Limboto,draft_top_food_crop_candidate
Gorontalo,Boalemo,"Kandidat top kab/kot sentra tanaman pangan untuk padi, jagung, kacang tanah, dan kacang hijau; perlu validasi dengan data produksi kab/kot 2020-2024",Tilamuta,draft_top_food_crop_candidate
Gorontalo,Pohuwato,"Kandidat top kab/kot sentra tanaman pangan untuk padi, jagung, kacang tanah, dan kacang hijau; perlu validasi dengan data produksi kab/kot 2020-2024",Marisa,draft_top_food_crop_candidate
Gorontalo,Bone Bolango,"Kandidat top kab/kot sentra tanaman pangan untuk padi, jagung, kacang tanah, dan kacang hijau; perlu validasi dengan data produksi kab/kot 2020-2024",Suwawa,draft_top_food_crop_candidate
Gorontalo,Gorontalo Utara,"Kandidat top kab/kot sentra tanaman pangan untuk padi, jagung, kacang tanah, dan kacang hijau; perlu validasi dengan data produksi kab/kot 2020-2024",Kwandang,draft_top_food_crop_candidate
Sulawesi Tengah,Parigi Moutong,"Kandidat top kab/kot sentra tanaman pangan untuk padi, jagung, kacang tanah, dan kacang hijau; perlu validasi dengan data produksi kab/kot 2020-2024",Parigi,draft_top_food_crop_candidate
Sulawesi Tengah,Donggala,"Kandidat top kab/kot sentra tanaman pangan untuk padi, jagung, kacang tanah, dan kacang hijau; perlu validasi dengan data produksi kab/kot 2020-2024",Donggala,draft_top_food_crop_candidate
Sulawesi Tengah,Sigi,"Kandidat top kab/kot sentra tanaman pangan untuk padi, jagung, kacang tanah, dan kacang hijau; perlu validasi dengan data produksi kab/kot 2020-2024",Sigi Biromaru,draft_top_food_crop_candidate
Sulawesi Tengah,Poso,"Kandidat top kab/kot sentra tanaman pangan untuk padi, jagung, kacang tanah, dan kacang hijau; perlu validasi dengan data produksi kab/kot 2020-2024",Poso,draft_top_food_crop_candidate
Sulawesi Tengah,Banggai,"Kandidat top kab/kot sentra tanaman pangan untuk padi, jagung, kacang tanah, dan kacang hijau; perlu validasi dengan data produksi kab/kot 2020-2024",Luwuk,draft_top_food_crop_candidate
Sulawesi Barat,Polewali Mandar,"Kandidat top kab/kot sentra tanaman pangan untuk padi, jagung, kacang tanah, dan kacang hijau; perlu validasi dengan data produksi kab/kot 2020-2024",Polewali,draft_top_food_crop_candidate
Sulawesi Barat,Mamuju,"Kandidat top kab/kot sentra tanaman pangan untuk padi, jagung, kacang tanah, dan kacang hijau; perlu validasi dengan data produksi kab/kot 2020-2024",Mamuju,draft_top_food_crop_candidate
Sulawesi Barat,Majene,"Kandidat top kab/kot sentra tanaman pangan untuk padi, jagung, kacang tanah, dan kacang hijau; perlu validasi dengan data produksi kab/kot 2020-2024",Majene,draft_top_food_crop_candidate
Sulawesi Barat,Mamasa,"Kandidat top kab/kot sentra tanaman pangan untuk padi, jagung, kacang tanah, dan kacang hijau; perlu validasi dengan data produksi kab/kot 2020-2024",Mamasa,draft_top_food_crop_candidate
Sulawesi Barat,Mamuju Tengah,"Kandidat top kab/kot sentra tanaman pangan untuk padi, jagung, kacang tanah, dan kacang hijau; perlu validasi dengan data produksi kab/kot 2020-2024",Tobadak,draft_top_food_crop_candidate
Sulawesi Selatan,Bone,"Kandidat top kab/kot sentra tanaman pangan untuk padi, jagung, kacang tanah, dan kacang hijau; perlu validasi dengan data produksi kab/kot 2020-2024",Watampone,draft_top_food_crop_candidate
Sulawesi Selatan,Wajo,"Kandidat top kab/kot sentra tanaman pangan untuk padi, jagung, kacang tanah, dan kacang hijau; perlu validasi dengan data produksi kab/kot 2020-2024",Sengkang,draft_top_food_crop_candidate
Sulawesi Selatan,Pinrang,"Kandidat top kab/kot sentra tanaman pangan untuk padi, jagung, kacang tanah, dan kacang hijau; perlu validasi dengan data produksi kab/kot 2020-2024",Pinrang,draft_top_food_crop_candidate
Sulawesi Selatan,Sidenreng Rappang,"Kandidat top kab/kot sentra tanaman pangan untuk padi, jagung, kacang tanah, dan kacang hijau; perlu validasi dengan data produksi kab/kot 2020-2024",Pangkajene Sidenreng,draft_top_food_crop_candidate
Sulawesi Selatan,Gowa,"Kandidat top kab/kot sentra tanaman pangan untuk padi, jagung, kacang tanah, dan kacang hijau; perlu validasi dengan data produksi kab/kot 2020-2024",Sungguminasa,draft_top_food_crop_candidate
Sulawesi Tenggara,Konawe,"Kandidat top kab/kot sentra tanaman pangan untuk padi, jagung, kacang tanah, dan kacang hijau; perlu validasi dengan data produksi kab/kot 2020-2024",Unaaha,draft_top_food_crop_candidate
Sulawesi Tenggara,Kolaka Timur,"Kandidat top kab/kot sentra tanaman pangan untuk padi, jagung, kacang tanah, dan kacang hijau; perlu validasi dengan data produksi kab/kot 2020-2024",Tirawuta,draft_top_food_crop_candidate
Sulawesi Tenggara,Bombana,"Kandidat top kab/kot sentra tanaman pangan untuk padi, jagung, kacang tanah, dan kacang hijau; perlu validasi dengan data produksi kab/kot 2020-2024",Rumbia,draft_top_food_crop_candidate
Sulawesi Tenggara,Muna,"Kandidat top kab/kot sentra tanaman pangan untuk padi, jagung, kacang tanah, dan kacang hijau; perlu validasi dengan data produksi kab/kot 2020-2024",Raha,draft_top_food_crop_candidate
Sulawesi Tenggara,Konawe Selatan,"Kandidat top kab/kot sentra tanaman pangan untuk padi, jagung, kacang tanah, dan kacang hijau; perlu validasi dengan data produksi kab/kot 2020-2024",Andoolo,draft_top_food_crop_candidate
Maluku,Maluku Tengah,"Kandidat top kab/kot sentra tanaman pangan untuk padi, jagung, kacang tanah, dan kacang hijau; perlu validasi dengan data produksi kab/kot 2020-2024",Masohi,draft_top_food_crop_candidate
Maluku,Seram Bagian Barat,"Kandidat top kab/kot sentra tanaman pangan untuk padi, jagung, kacang tanah, dan kacang hijau; perlu validasi dengan data produksi kab/kot 2020-2024",Piru,draft_top_food_crop_candidate
Maluku,Buru,"Kandidat top kab/kot sentra tanaman pangan untuk padi, jagung, kacang tanah, dan kacang hijau; perlu validasi dengan data produksi kab/kot 2020-2024",Namlea,draft_top_food_crop_candidate
Maluku,Seram Bagian Timur,"Kandidat top kab/kot sentra tanaman pangan untuk padi, jagung, kacang tanah, dan kacang hijau; perlu validasi dengan data produksi kab/kot 2020-2024",Bula,draft_top_food_crop_candidate
Maluku,Maluku Tenggara,"Kandidat top kab/kot sentra tanaman pangan untuk padi, jagung, kacang tanah, dan kacang hijau; perlu validasi dengan data produksi kab/kot 2020-2024",Langgur,draft_top_food_crop_candidate
Maluku Utara,Halmahera Utara,"Kandidat top kab/kot sentra tanaman pangan untuk padi, jagung, kacang tanah, dan kacang hijau; perlu validasi dengan data produksi kab/kot 2020-2024",Tobelo,draft_top_food_crop_candidate
Maluku Utara,Halmahera Timur,"Kandidat top kab/kot sentra tanaman pangan untuk padi, jagung, kacang tanah, dan kacang hijau; perlu validasi dengan data produksi kab/kot 2020-2024",Maba,draft_top_food_crop_candidate
Maluku Utara,Halmahera Selatan,"Kandidat top kab/kot sentra tanaman pangan untuk padi, jagung, kacang tanah, dan kacang hijau; perlu validasi dengan data produksi kab/kot 2020-2024",Labuha,draft_top_food_crop_candidate
Maluku Utara,Halmahera Barat,"Kandidat top kab/kot sentra tanaman pangan untuk padi, jagung, kacang tanah, dan kacang hijau; perlu validasi dengan data produksi kab/kot 2020-2024",Jailolo,draft_top_food_crop_candidate
Maluku Utara,Tidore Kepulauan,"Kandidat top kab/kot sentra tanaman pangan untuk padi, jagung, kacang tanah, dan kacang hijau; perlu validasi dengan data produksi kab/kot 2020-2024",Tidore,draft_top_food_crop_candidate
Papua Barat,Manokwari,"Kandidat top kab/kot sentra tanaman pangan untuk padi, jagung, kacang tanah, dan kacang hijau; perlu validasi dengan data produksi kab/kot 2020-2024",Manokwari,draft_top_food_crop_candidate
Papua Barat,Manokwari Selatan,"Kandidat top kab/kot sentra tanaman pangan untuk padi, jagung, kacang tanah, dan kacang hijau; perlu validasi dengan data produksi kab/kot 2020-2024",Ransiki,draft_top_food_crop_candidate
Papua Barat,Teluk Bintuni,"Kandidat top kab/kot sentra tanaman pangan untuk padi, jagung, kacang tanah, dan kacang hijau; perlu validasi dengan data produksi kab/kot 2020-2024",Bintuni,draft_top_food_crop_candidate
Papua Barat,Fakfak,"Kandidat top kab/kot sentra tanaman pangan untuk padi, jagung, kacang tanah, dan kacang hijau; perlu validasi dengan data produksi kab/kot 2020-2024",Fakfak,draft_top_food_crop_candidate
Papua Barat,Kaimana,"Kandidat top kab/kot sentra tanaman pangan untuk padi, jagung, kacang tanah, dan kacang hijau; perlu validasi dengan data produksi kab/kot 2020-2024",Kaimana,draft_top_food_crop_candidate
Papua Barat Daya,Sorong,"Kandidat top kab/kot sentra tanaman pangan untuk padi, jagung, kacang tanah, dan kacang hijau; perlu validasi dengan data produksi kab/kot 2020-2024",Aimas,draft_top_food_crop_candidate
Papua Barat Daya,Sorong Selatan,"Kandidat top kab/kot sentra tanaman pangan untuk padi, jagung, kacang tanah, dan kacang hijau; perlu validasi dengan data produksi kab/kot 2020-2024",Teminabuan,draft_top_food_crop_candidate
Papua Barat Daya,Raja Ampat,"Kandidat top kab/kot sentra tanaman pangan untuk padi, jagung, kacang tanah, dan kacang hijau; perlu validasi dengan data produksi kab/kot 2020-2024",Waisai,draft_top_food_crop_candidate
Papua Barat Daya,Maybrat,"Kandidat top kab/kot sentra tanaman pangan untuk padi, jagung, kacang tanah, dan kacang hijau; perlu validasi dengan data produksi kab/kot 2020-2024",Kumurkek,draft_top_food_crop_candidate
Papua Barat Daya,Tambrauw,"Kandidat top kab/kot sentra tanaman pangan untuk padi, jagung, kacang tanah, dan kacang hijau; perlu validasi dengan data produksi kab/kot 2020-2024",Fef,draft_top_food_crop_candidate
Papua,Jayapura,"Kandidat top kab/kot sentra tanaman pangan untuk padi, jagung, kacang tanah, dan kacang hijau; perlu validasi dengan data produksi kab/kot 2020-2024",Sentani,draft_top_food_crop_candidate
Papua,Keerom,"Kandidat top kab/kot sentra tanaman pangan untuk padi, jagung, kacang tanah, dan kacang hijau; perlu validasi dengan data produksi kab/kot 2020-2024",Arso,draft_top_food_crop_candidate
Papua,Sarmi,"Kandidat top kab/kot sentra tanaman pangan untuk padi, jagung, kacang tanah, dan kacang hijau; perlu validasi dengan data produksi kab/kot 2020-2024",Sarmi,draft_top_food_crop_candidate
Papua,Biak Numfor,"Kandidat top kab/kot sentra tanaman pangan untuk padi, jagung, kacang tanah, dan kacang hijau; perlu validasi dengan data produksi kab/kot 2020-2024",Biak,draft_top_food_crop_candidate
Papua,Kota Jayapura,"Kandidat top kab/kot sentra tanaman pangan untuk padi, jagung, kacang tanah, dan kacang hijau; perlu validasi dengan data produksi kab/kot 2020-2024",Jayapura,draft_top_food_crop_candidate
Papua Tengah,Nabire,"Kandidat top kab/kot sentra tanaman pangan untuk padi, jagung, kacang tanah, dan kacang hijau; perlu validasi dengan data produksi kab/kot 2020-2024",Nabire,draft_top_food_crop_candidate
Papua Tengah,Mimika,"Kandidat top kab/kot sentra tanaman pangan untuk padi, jagung, kacang tanah, dan kacang hijau; perlu validasi dengan data produksi kab/kot 2020-2024",Timika,draft_top_food_crop_candidate
Papua Tengah,Paniai,"Kandidat top kab/kot sentra tanaman pangan untuk padi, jagung, kacang tanah, dan kacang hijau; perlu validasi dengan data produksi kab/kot 2020-2024",Enarotali,draft_top_food_crop_candidate
Papua Tengah,Dogiyai,"Kandidat top kab/kot sentra tanaman pangan untuk padi, jagung, kacang tanah, dan kacang hijau; perlu validasi dengan data produksi kab/kot 2020-2024",Kigamani,draft_top_food_crop_candidate
Papua Tengah,Deiyai,"Kandidat top kab/kot sentra tanaman pangan untuk padi, jagung, kacang tanah, dan kacang hijau; perlu validasi dengan data produksi kab/kot 2020-2024",Tigi,draft_top_food_crop_candidate
Papua Pegunungan,Jayawijaya,"Kandidat top kab/kot sentra tanaman pangan untuk padi, jagung, kacang tanah, dan kacang hijau; perlu validasi dengan data produksi kab/kot 2020-2024",Wamena,draft_top_food_crop_candidate
Papua Pegunungan,Yahukimo,"Kandidat top kab/kot sentra tanaman pangan untuk padi, jagung, kacang tanah, dan kacang hijau; perlu validasi dengan data produksi kab/kot 2020-2024",Dekai,draft_top_food_crop_candidate
Papua Pegunungan,Tolikara,"Kandidat top kab/kot sentra tanaman pangan untuk padi, jagung, kacang tanah, dan kacang hijau; perlu validasi dengan data produksi kab/kot 2020-2024",Karubaga,draft_top_food_crop_candidate
Papua Pegunungan,Lanny Jaya,"Kandidat top kab/kot sentra tanaman pangan untuk padi, jagung, kacang tanah, dan kacang hijau; perlu validasi dengan data produksi kab/kot 2020-2024",Tiom,draft_top_food_crop_candidate
Papua Pegunungan,Mamberamo Tengah,"Kandidat top kab/kot sentra tanaman pangan untuk padi, jagung, kacang tanah, dan kacang hijau; perlu validasi dengan data produksi kab/kot 2020-2024",Kobakma,draft_top_food_crop_candidate
Papua Selatan,Merauke,"Kandidat top kab/kot sentra tanaman pangan untuk padi, jagung, kacang tanah, dan kacang hijau; perlu validasi dengan data produksi kab/kot 2020-2024",Merauke,draft_top_food_crop_candidate
Papua Selatan,Mappi,"Kandidat top kab/kot sentra tanaman pangan untuk padi, jagung, kacang tanah, dan kacang hijau; perlu validasi dengan data produksi kab/kot 2020-2024",Kepi,draft_top_food_crop_candidate
Papua Selatan,Boven Digoel,"Kandidat top kab/kot sentra tanaman pangan untuk padi, jagung, kacang tanah, dan kacang hijau; perlu validasi dengan data produksi kab/kot 2020-2024",Tanah Merah,draft_top_food_crop_candidate
Papua Selatan,Asmat,"Kandidat top kab/kot sentra tanaman pangan untuk padi, jagung, kacang tanah, dan kacang hijau; perlu validasi dengan data produksi kab/kot 2020-2024",Agats,draft_top_food_crop_candidate
