province,city_regency,selection_basis,selection_method,geocoding_query,matched_name,latitude,longitude,elevation,country_code,country,admin1,admin2,admin3,timezone,population,source
Aceh,Aceh Besar,"Kandidat top kab/kot sentra tanaman pangan untuk padi, jagung, kacang tanah, dan kacang hijau; perlu validasi dengan data produksi kab/kot 2020-2024",draft_top_food_crop_candidate,Kota Jantho,Kota Jantho,5.187659,95.715548,,ID,Indonesia,Aceh,Aceh Besar Regency,,Asia/Jakarta,,Manual correction based on validated coordinate
Aceh,Aceh Timur,"Kandidat top kab/kot sentra tanaman pangan untuk padi, jagung, kacang tanah, dan kacang hijau; perlu validasi dengan data produksi kab/kot 2020-2024",draft_top_food_crop_candidate,Idi Rayeuk,Edi Rajut,4.94952,97.77267,6.0,ID,Indonesia,Aceh,East Aceh Regency,,Asia/Jakarta,,Open-Meteo Geocoding API
Aceh,Aceh Utara,"Kandidat top kab/kot sentra tanaman pangan untuk padi, jagung, kacang tanah, dan kacang hijau; perlu validasi dengan data produksi kab/kot 2020-2024",draft_top_food_crop_candidate,Lhoksukon,Lhoksukon,5.051701,97.318123,,ID,Indonesia,Aceh,Aceh Utara Regency,,Asia/Jakarta,,Manual correction based on validated coordinate
Aceh,Bireuen,"Kandidat top kab/kot sentra tanaman pangan untuk padi, jagung, kacang tanah, dan kacang hijau; perlu validasi dengan data produksi kab/kot 2020-2024",draft_top_food_crop_candidate,Bireuen,Bireuen,5.203,96.701,,ID,Indonesia,Aceh,Bireuen Regency,Kota Juang,Asia/Jakarta,,Manual correction based on validated coordinate
Aceh,Pidie,"Kandidat top kab/kot sentra tanaman pangan untuk padi, jagung, kacang tanah, dan kacang hijau; perlu validasi dengan data produksi kab/kot 2020-2024",draft_top_food_crop_candidate,Pidie,Pidie,5.3807,95.9549,8.0,ID,Indonesia,Aceh,Pidie Regency,,Asia/Jakarta,,Open-Meteo Geocoding API
Bali,Badung,"Kandidat top kab/kot sentra tanaman pangan untuk padi, jagung, kacang tanah, dan kacang hijau; perlu validasi dengan data produksi kab/kot 2020-2024",draft_top_food_crop_candidate,Mangupura,Mangupura,-8.54389,115.17,127.0,ID,Indonesia,Bali,Badung Regency,,Asia/Makassar,,Open-Meteo Geocoding API
Bali,Buleleng,"Kandidat top kab/kot sentra tanaman pangan untuk padi, jagung, kacang tanah, dan kacang hijau; perlu validasi dengan data produksi kab/kot 2020-2024",draft_top_food_crop_candidate,Singaraja,Singaraja,-8.112,115.08818,11.0,ID,Indonesia,Bali,Buleleng Regency,,Asia/Makassar,133784.0,Open-Meteo Geocoding API
Bali,Gianyar,"Kandidat top kab/kot sentra tanaman pangan untuk padi, jagung, kacang tanah, dan kacang hijau; perlu validasi dengan data produksi kab/kot 2020-2024",draft_top_food_crop_candidate,Gianyar,Gianyar,-8.5435,115.3272,123.0,ID,Indonesia,Bali,Gianyar Regency,,Asia/Makassar,,Open-Meteo Geocoding API
Bali,Karangasem,"Kandidat top kab/kot sentra tanaman pangan untuk padi, jagung, kacang tanah, dan kacang hijau; perlu validasi dengan data produksi kab/kot 2020-2024",draft_top_food_crop_candidate,Amlapura,Amlapura,-8.45,115.61667,86.0,ID,Indonesia,Bali,Karangasem,,Asia/Makassar,31869.0,Open-Meteo Geocoding API
Bali,Tabanan,"Kandidat top kab/kot sentra tanaman pangan untuk padi, jagung, kacang tanah, dan kacang hijau; perlu validasi dengan data produksi kab/kot 2020-2024",draft_top_food_crop_candidate,Tabanan,Tabanan,-8.5413,115.12522,126.0,ID,Indonesia,Bali,Kabupaten Tabanan,,Asia/Makassar,33667.0,Open-Meteo Geocoding API
Banten,Cilegon,"Kandidat top kab/kot sentra tanaman pangan untuk padi, jagung, kacang tanah, dan kacang hijau; perlu validasi dengan data produksi kab/kot 2020-2024",draft_top_food_crop_candidate,Cilegon,Cilegon,-6.0144,106.0542,18.0,ID,Indonesia,Banten,Kota Cilegon,,Asia/Jakarta,,Open-Meteo Geocoding API
Banten,Lebak,"Kandidat top kab/kot sentra tanaman pangan untuk padi, jagung, kacang tanah, dan kacang hijau; perlu validasi dengan data produksi kab/kot 2020-2024",draft_top_food_crop_candidate,Rangkasbitung,Rangkasbitung,-6.3591,106.2494,27.0,ID,Indonesia,Banten,Lebak Regency,,Asia/Jakarta,137041.0,Open-Meteo Geocoding API
Banten,Pandeglang,"Kandidat top kab/kot sentra tanaman pangan untuk padi, jagung, kacang tanah, dan kacang hijau; perlu validasi dengan data produksi kab/kot 2020-2024",draft_top_food_crop_candidate,Pandeglang,Pandeglang,-6.3084,106.1067,253.0,ID,Indonesia,Banten,Kabupaten Pandeglang,,Asia/Jakarta,92316.0,Open-Meteo Geocoding API
Banten,Serang,"Kandidat top kab/kot sentra tanaman pangan untuk padi, jagung, kacang tanah, dan kacang hijau; perlu validasi dengan data produksi kab/kot 2020-2024",draft_top_food_crop_candidate,Ciruas,Ciruas,-6.125,106.23278,17.0,ID,Indonesia,Banten,Serang Regency,,Asia/Jakarta,,Open-Meteo Geocoding API
Banten,Tangerang,"Kandidat top kab/kot sentra tanaman pangan untuk padi, jagung, kacang tanah, dan kacang hijau; perlu validasi dengan data produksi kab/kot 2020-2024",draft_top_food_crop_candidate,Tigaraksa,Tigaraksa,-6.22806,106.51389,33.0,ID,Indonesia,Banten,Kabupaten Tangerang,,Asia/Jakarta,,Open-Meteo Geocoding API
Bengkulu,Bengkulu Selatan,"Kandidat top kab/kot sentra tanaman pangan untuk padi, jagung, kacang tanah, dan kacang hijau; perlu validasi dengan data produksi kab/kot 2020-2024",draft_top_food_crop_candidate,Manna,Manna,-4.4651,102.90386,31.0,ID,Indonesia,Bengkulu,South Bengkulu Regency,,Asia/Jakarta,,Open-Meteo Geocoding API
Bengkulu,Kaur,"Kandidat top kab/kot sentra tanaman pangan untuk padi, jagung, kacang tanah, dan kacang hijau; perlu validasi dengan data produksi kab/kot 2020-2024",draft_top_food_crop_candidate,Bintuhan,Bintuhan,-4.79371,103.34836,9.0,ID,Indonesia,Bengkulu,Kaur Regency,,Asia/Jakarta,,Open-Meteo Geocoding API
Bengkulu,Mukomuko,"Kandidat top kab/kot sentra tanaman pangan untuk padi, jagung, kacang tanah, dan kacang hijau; perlu validasi dengan data produksi kab/kot 2020-2024",draft_top_food_crop_candidate,Mukomuko,Mukomuko,-2.5689,101.1118,9.0,ID,Indonesia,Bengkulu,Mukomuko Regency,,Asia/Jakarta,,Open-Meteo Geocoding API
Bengkulu,Rejang Lebong,"Kandidat top kab/kot sentra tanaman pangan untuk padi, jagung, kacang tanah, dan kacang hijau; perlu validasi dengan data produksi kab/kot 2020-2024",draft_top_food_crop_candidate,Curup,Curup,-3.4703,102.5207,630.0,ID,Indonesia,Bengkulu,Rejang Lebong Regency,,Asia/Jakarta,46245.0,Open-Meteo Geocoding API
Bengkulu,Seluma,"Kandidat top kab/kot sentra tanaman pangan untuk padi, jagung, kacang tanah, dan kacang hijau; perlu validasi dengan data produksi kab/kot 2020-2024",draft_top_food_crop_candidate,Tais,Tais,-4.07543,102.57739,70.0,ID,Indonesia,Bengkulu,Seluma Regency,,Asia/Jakarta,,Open-Meteo Geocoding API
DI Yogyakarta,Bantul,"Kandidat top kab/kot sentra tanaman pangan untuk padi, jagung, kacang tanah, dan kacang hijau; perlu validasi dengan data produksi kab/kot 2020-2024",draft_top_food_crop_candidate,Bantul,Bantul,-7.88806,110.32889,49.0,ID,Indonesia,Yogyakarta,Kabupaten Bantul,,Asia/Jakarta,64360.0,Open-Meteo Geocoding API
DI Yogyakarta,Gunungkidul,"Kandidat top kab/kot sentra tanaman pangan untuk padi, jagung, kacang tanah, dan kacang hijau; perlu validasi dengan data produksi kab/kot 2020-2024",draft_top_food_crop_candidate,Wonosari,Wonosari,-7.96556,110.60361,181.0,ID,Indonesia,Yogyakarta,Gunung Kidul Regency,,Asia/Jakarta,87454.0,Open-Meteo Geocoding API
DI Yogyakarta,Kulon Progo,"Kandidat top kab/kot sentra tanaman pangan untuk padi, jagung, kacang tanah, dan kacang hijau; perlu validasi dengan data produksi kab/kot 2020-2024",draft_top_food_crop_candidate,Wates,Wates,-7.85722,110.15694,23.0,ID,Indonesia,Yogyakarta,Kulon Progo Regency,,Asia/Jakarta,,Open-Meteo Geocoding API
DI Yogyakarta,Sleman,"Kandidat top kab/kot sentra tanaman pangan untuk padi, jagung, kacang tanah, dan kacang hijau; perlu validasi dengan data produksi kab/kot 2020-2024",draft_top_food_crop_candidate,Sleman,Sleman,-7.71556,110.35556,210.0,ID,Indonesia,Yogyakarta,Kabupaten Sleman,,Asia/Jakarta,56215.0,Open-Meteo Geocoding API
DI Yogyakarta,Yogyakarta,"Kandidat top kab/kot sentra tanaman pangan untuk padi, jagung, kacang tanah, dan kacang hijau; perlu validasi dengan data produksi kab/kot 2020-2024",draft_top_food_crop_candidate,Yogyakarta,Yogyakarta,-7.80139,110.36472,110.0,ID,Indonesia,Yogyakarta,Kota Yogyakarta,,Asia/Jakarta,373589.0,Open-Meteo Geocoding API
DKI Jakarta,Jakarta Barat,"Kandidat top kab/kot sentra tanaman pangan untuk padi, jagung, kacang tanah, dan kacang hijau; perlu validasi dengan data produksi kab/kot 2020-2024",draft_top_food_crop_candidate,Jakarta Barat,Jakarta Barat,-6.168329,106.75885,,ID,Indonesia,Jakarta,West Jakarta Administrative City,,Asia/Jakarta,,Manual correction based on validated coordinate
DKI Jakarta,Jakarta Selatan,"Kandidat top kab/kot sentra tanaman pangan untuk padi, jagung, kacang tanah, dan kacang hijau; perlu validasi dengan data produksi kab/kot 2020-2024",draft_top_food_crop_candidate,Jakarta Selatan,Jakarta Selatan,-6.26149,106.8106,,ID,Indonesia,Jakarta,South Jakarta Administrative City,,Asia/Jakarta,,Manual correction based on validated coordinate
DKI Jakarta,Jakarta Timur,"Kandidat top kab/kot sentra tanaman pangan untuk padi, jagung, kacang tanah, dan kacang hijau; perlu validasi dengan data produksi kab/kot 2020-2024",draft_top_food_crop_candidate,Jakarta Timur,Jakarta Timur,-6.225,106.900444,,ID,Indonesia,Jakarta,East Jakarta Administrative City,,Asia/Jakarta,,Manual correction based on validated coordinate
DKI Jakarta,Jakarta Utara,"Kandidat top kab/kot sentra tanaman pangan untuk padi, jagung, kacang tanah, dan kacang hijau; perlu validasi dengan data produksi kab/kot 2020-2024",draft_top_food_crop_candidate,Jakarta Utara,Jakarta Utara,-6.145138,106.899452,,ID,Indonesia,Jakarta,North Jakarta Administrative City,,Asia/Jakarta,,Manual correction based on validated coordinate
DKI Jakarta,Kepulauan Seribu,"Kandidat top kab/kot sentra tanaman pangan untuk padi, jagung, kacang tanah, dan kacang hijau; perlu validasi dengan data produksi kab/kot 2020-2024",draft_top_food_crop_candidate,Pulau Pramuka,Pulau Pramuka,-5.74583,106.61389,7.0,ID,Indonesia,Jakarta,Thousand Islands,,Asia/Jakarta,,Open-Meteo Geocoding API
Gorontalo,Boalemo,"Kandidat top kab/kot sentra tanaman pangan untuk padi, jagung, kacang tanah, dan kacang hijau; perlu validasi dengan data produksi kab/kot 2020-2024",draft_top_food_crop_candidate,Tilamuta,Tilamuta,0.5273,122.3463,12.0,ID,Indonesia,Gorontalo,Boalemo Regency,,Asia/Makassar,,Open-Meteo Geocoding API
Gorontalo,Bone Bolango,"Kandidat top kab/kot sentra tanaman pangan untuk padi, jagung, kacang tanah, dan kacang hijau; perlu validasi dengan data produksi kab/kot 2020-2024",draft_top_food_crop_candidate,Suwawa,Suwawa,0.5325,123.14694,27.0,ID,Indonesia,Gorontalo,Bone Bolango Regency,,Asia/Makassar,,Open-Meteo Geocoding API
Gorontalo,Gorontalo,"Kandidat top kab/kot sentra tanaman pangan untuk padi, jagung, kacang tanah, dan kacang hijau; perlu validasi dengan data produksi kab/kot 2020-2024",draft_top_food_crop_candidate,Limboto,Limboto,0.627,122.9778,15.0,ID,Indonesia,Gorontalo,Gorontalo Regency,,Asia/Makassar,,Open-Meteo Geocoding API
Gorontalo,Gorontalo Utara,"Kandidat top kab/kot sentra tanaman pangan untuk padi, jagung, kacang tanah, dan kacang hijau; perlu validasi dengan data produksi kab/kot 2020-2024",draft_top_food_crop_candidate,Kwandang,Kwandang,0.8348,122.915,9.0,ID,Indonesia,Gorontalo,North Gorontalo Regency,,Asia/Makassar,,Open-Meteo Geocoding API
Gorontalo,Pohuwato,"Kandidat top kab/kot sentra tanaman pangan untuk padi, jagung, kacang tanah, dan kacang hijau; perlu validasi dengan data produksi kab/kot 2020-2024",draft_top_food_crop_candidate,Marisa,Marisa,0.4655,121.9386,9.0,ID,Indonesia,Gorontalo,Pohuwato Regency,,Asia/Makassar,,Open-Meteo Geocoding API
Jambi,Batanghari,"Kandidat top kab/kot sentra tanaman pangan untuk padi, jagung, kacang tanah, dan kacang hijau; perlu validasi dengan data produksi kab/kot 2020-2024",draft_top_food_crop_candidate,Muara Bulian,Muara Bulian,-1.71327,103.25902,19.0,ID,Indonesia,Jambi,Batang Hari Regency,,Asia/Jakarta,,Open-Meteo Geocoding API
Jambi,Kerinci,"Kandidat top kab/kot sentra tanaman pangan untuk padi, jagung, kacang tanah, dan kacang hijau; perlu validasi dengan data produksi kab/kot 2020-2024",draft_top_food_crop_candidate,Siulak,Siulak,-1.94667,101.33417,862.0,ID,Indonesia,Jambi,Kerinci Regency,,Asia/Jakarta,,Open-Meteo Geocoding API
Jambi,Merangin,"Kandidat top kab/kot sentra tanaman pangan untuk padi, jagung, kacang tanah, dan kacang hijau; perlu validasi dengan data produksi kab/kot 2020-2024",draft_top_food_crop_candidate,Bangko,Bangko,-2.0796,102.2573,65.0,ID,Indonesia,Jambi,Merangin Regency,,Asia/Jakarta,,Open-Meteo Geocoding API
Jambi,Muaro Jambi,"Kandidat top kab/kot sentra tanaman pangan untuk padi, jagung, kacang tanah, dan kacang hijau; perlu validasi dengan data produksi kab/kot 2020-2024",draft_top_food_crop_candidate,Sengeti,Sengeti,-1.4772,103.50765,14.0,ID,Indonesia,Jambi,Muaro Jambi Regency,,Asia/Jakarta,,Open-Meteo Geocoding API
Jambi,Tanjung Jabung Timur,"Kandidat top kab/kot sentra tanaman pangan untuk padi, jagung, kacang tanah, dan kacang hijau; perlu validasi dengan data produksi kab/kot 2020-2024",draft_top_food_crop_candidate,Muara Sabak,Muara Sabak,-1.13612,103.84987,,ID,Indonesia,Jambi,East Tanjung Jabung Regency,,Asia/Jakarta,,Open-Meteo Geocoding API
Jawa Barat,Cianjur,"Kandidat top kab/kot sentra tanaman pangan untuk padi, jagung, kacang tanah, dan kacang hijau; perlu validasi dengan data produksi kab/kot 2020-2024",draft_top_food_crop_candidate,Cianjur,Cianjur,-6.82222,107.13944,456.0,ID,Indonesia,West Java,Kabupaten Cianjur,,Asia/Jakarta,174587.0,Open-Meteo Geocoding API
Jawa Barat,Garut,"Kandidat top kab/kot sentra tanaman pangan untuk padi, jagung, kacang tanah, dan kacang hijau; perlu validasi dengan data produksi kab/kot 2020-2024",draft_top_food_crop_candidate,Garut,Garut,-7.245,107.921,891.0,ID,Indonesia,West Java,Garut Regency,,Asia/Jakarta,,Open-Meteo Geocoding API
Jawa Barat,Indramayu,"Kandidat top kab/kot sentra tanaman pangan untuk padi, jagung, kacang tanah, dan kacang hijau; perlu validasi dengan data produksi kab/kot 2020-2024",draft_top_food_crop_candidate,Indramayu,Indramayu,-6.32639,108.32,5.0,ID,Indonesia,West Java,Kabupaten Indramayu,,Asia/Jakarta,123263.0,Open-Meteo Geocoding API
Jawa Barat,Karawang,"Kandidat top kab/kot sentra tanaman pangan untuk padi, jagung, kacang tanah, dan kacang hijau; perlu validasi dengan data produksi kab/kot 2020-2024",draft_top_food_crop_candidate,Karawang,Karawang,-6.30525,107.3197,12.0,ID,Indonesia,West Java,Kabupaten Karawang,,Asia/Jakarta,,Open-Meteo Geocoding API
Jawa Barat,Subang,"Kandidat top kab/kot sentra tanaman pangan untuk padi, jagung, kacang tanah, dan kacang hijau; perlu validasi dengan data produksi kab/kot 2020-2024",draft_top_food_crop_candidate,Subang,Subang,-6.57,107.75667,96.0,ID,Indonesia,West Java,Kabupaten Subang,,Asia/Jakarta,,Open-Meteo Geocoding API
Jawa Tengah,Cilacap,"Kandidat top kab/kot sentra tanaman pangan untuk padi, jagung, kacang tanah, dan kacang hijau; perlu validasi dengan data produksi kab/kot 2020-2024",draft_top_food_crop_candidate,Cilacap,Cilacap,-7.72639,109.00944,10.0,ID,Indonesia,Central Java,Cilacap Regency,,Asia/Jakarta,256996.0,Open-Meteo Geocoding API
Jawa Tengah,Demak,"Kandidat top kab/kot sentra tanaman pangan untuk padi, jagung, kacang tanah, dan kacang hijau; perlu validasi dengan data produksi kab/kot 2020-2024",draft_top_food_crop_candidate,Demak,Demak,-6.8909,110.6396,9.0,ID,Indonesia,Central Java,Demak Regency,,Asia/Jakarta,27251.0,Open-Meteo Geocoding API
Jawa Tengah,Grobogan,"Kandidat top kab/kot sentra tanaman pangan untuk padi, jagung, kacang tanah, dan kacang hijau; perlu validasi dengan data produksi kab/kot 2020-2024",draft_top_food_crop_candidate,Purwodadi,Purwodadi Grobogan,-7.0868,110.9158,29.0,ID,Indonesia,Central Java,Grobogan Regency,,Asia/Jakarta,139387.0,Open-Meteo Geocoding API
Jawa Tengah,Pati,"Kandidat top kab/kot sentra tanaman pangan untuk padi, jagung, kacang tanah, dan kacang hijau; perlu validasi dengan data produksi kab/kot 2020-2024",draft_top_food_crop_candidate,Pati,Pati,-6.7559,111.038,13.0,ID,Indonesia,Central Java,Pati Regency,,Asia/Jakarta,107028.0,Open-Meteo Geocoding API
Jawa Tengah,Sragen,"Kandidat top kab/kot sentra tanaman pangan untuk padi, jagung, kacang tanah, dan kacang hijau; perlu validasi dengan data produksi kab/kot 2020-2024",draft_top_food_crop_candidate,Sragen,Sragen,-7.42639,111.02222,90.0,ID,Indonesia,Central Java,Sragen Regency,,Asia/Jakarta,71522.0,Open-Meteo Geocoding API
Jawa Timur,Bojonegoro,"Kandidat top kab/kot sentra tanaman pangan untuk padi, jagung, kacang tanah, dan kacang hijau; perlu validasi dengan data produksi kab/kot 2020-2024",draft_top_food_crop_candidate,Bojonegoro,Bojonegoro,-7.1502,111.8817,24.0,ID,Indonesia,East Java,Bojonegoro Regency,,Asia/Jakarta,86568.0,Open-Meteo Geocoding API
Jawa Timur,Jember,"Kandidat top kab/kot sentra tanaman pangan untuk padi, jagung, kacang tanah, dan kacang hijau; perlu validasi dengan data produksi kab/kot 2020-2024",draft_top_food_crop_candidate,Jember,Jember,-8.17211,113.69953,86.0,ID,Indonesia,East Java,Kabupaten Jember,,Asia/Jakarta,298585.0,Open-Meteo Geocoding API
Jawa Timur,Lamongan,"Kandidat top kab/kot sentra tanaman pangan untuk padi, jagung, kacang tanah, dan kacang hijau; perlu validasi dengan data produksi kab/kot 2020-2024",draft_top_food_crop_candidate,Lamongan,Lamongan,-7.11667,112.41667,8.0,ID,Indonesia,East Java,Kabupaten Lamongan,,Asia/Jakarta,59224.0,Open-Meteo Geocoding API
Jawa Timur,Ngawi,"Kandidat top kab/kot sentra tanaman pangan untuk padi, jagung, kacang tanah, dan kacang hijau; perlu validasi dengan data produksi kab/kot 2020-2024",draft_top_food_crop_candidate,Ngawi,Ngawi,-7.4038,111.4461,57.0,ID,Indonesia,East Java,Kabupaten Ngawi,,Asia/Jakarta,22412.0,Open-Meteo Geocoding API
Jawa Timur,Tuban,"Kandidat top kab/kot sentra tanaman pangan untuk padi, jagung, kacang tanah, dan kacang hijau; perlu validasi dengan data produksi kab/kot 2020-2024",draft_top_food_crop_candidate,Tuban,Tuban,-6.8976,112.0649,13.0,ID,Indonesia,East Java,Kabupaten Tuban,,Asia/Jakarta,76242.0,Open-Meteo Geocoding API
Kalimantan Barat,Kubu Raya,"Kandidat top kab/kot sentra tanaman pangan untuk padi, jagung, kacang tanah, dan kacang hijau; perlu validasi dengan data produksi kab/kot 2020-2024",draft_top_food_crop_candidate,Sungai Raya,Sungai Raya,-0.12694,109.40389,2.0,ID,Indonesia,West Kalimantan,Kubu Raya Regency,,Asia/Pontianak,,Open-Meteo Geocoding API
Kalimantan Barat,Landak,"Kandidat top kab/kot sentra tanaman pangan untuk padi, jagung, kacang tanah, dan kacang hijau; perlu validasi dengan data produksi kab/kot 2020-2024",draft_top_food_crop_candidate,Ngabang,Ngabang,0.38333,109.95,33.0,ID,Indonesia,West Kalimantan,Landak Regency,,Asia/Pontianak,,Open-Meteo Geocoding API
Kalimantan Barat,Mempawah,"Kandidat top kab/kot sentra tanaman pangan untuk padi, jagung, kacang tanah, dan kacang hijau; perlu validasi dengan data produksi kab/kot 2020-2024",draft_top_food_crop_candidate,Mempawah,Mempawah,0.37102,108.97013,,ID,Indonesia,West Kalimantan,Mempawah Regency,,Asia/Pontianak,,Open-Meteo Geocoding API
Kalimantan Barat,Sambas,"Kandidat top kab/kot sentra tanaman pangan untuk padi, jagung, kacang tanah, dan kacang hijau; perlu validasi dengan data produksi kab/kot 2020-2024",draft_top_food_crop_candidate,Sambas,Sambas,1.33333,109.25,12.0,ID,Indonesia,West Kalimantan,Sambas Regency,,Asia/Pontianak,,Open-Meteo Geocoding API
Kalimantan Barat,Sanggau,"Kandidat top kab/kot sentra tanaman pangan untuk padi, jagung, kacang tanah, dan kacang hijau; perlu validasi dengan data produksi kab/kot 2020-2024",draft_top_food_crop_candidate,Sanggau,Sanggau,0.13333,110.6,49.0,ID,Indonesia,West Kalimantan,Sanggau Regency,,Asia/Pontianak,,Open-Meteo Geocoding API
Kalimantan Selatan,Banjar,"Kandidat top kab/kot sentra tanaman pangan untuk padi, jagung, kacang tanah, dan kacang hijau; perlu validasi dengan data produksi kab/kot 2020-2024",draft_top_food_crop_candidate,Martapura,Martapura,-3.4109,114.8642,6.0,ID,Indonesia,South Kalimantan,Banjar Regency,,Asia/Makassar,131449.0,Open-Meteo Geocoding API
Kalimantan Selatan,Barito Kuala,"Kandidat top kab/kot sentra tanaman pangan untuk padi, jagung, kacang tanah, dan kacang hijau; perlu validasi dengan data produksi kab/kot 2020-2024",draft_top_food_crop_candidate,Marabahan,Marabahan,-3.0136,114.7687,,ID,Indonesia,South Kalimantan,Barito Kuala Regency,,Asia/Makassar,,Open-Meteo Geocoding API
Kalimantan Selatan,Hulu Sungai Selatan,"Kandidat top kab/kot sentra tanaman pangan untuk padi, jagung, kacang tanah, dan kacang hijau; perlu validasi dengan data produksi kab/kot 2020-2024",draft_top_food_crop_candidate,Kandangan,Kandangan,-2.7837,115.2772,13.0,ID,Indonesia,South Kalimantan,South Hulu Sungai Regency,,Asia/Makassar,,Open-Meteo Geocoding API
Kalimantan Selatan,Tanah Laut,"Kandidat top kab/kot sentra tanaman pangan untuk padi, jagung, kacang tanah, dan kacang hijau; perlu validasi dengan data produksi kab/kot 2020-2024",draft_top_food_crop_candidate,Pelaihari,Pelaihari,-3.7987,114.7788,20.0,ID,Indonesia,South Kalimantan,Tanah Laut Regency,,Asia/Makassar,,Open-Meteo Geocoding API
Kalimantan Selatan,Tapin,"Kandidat top kab/kot sentra tanaman pangan untuk padi, jagung, kacang tanah, dan kacang hijau; perlu validasi dengan data produksi kab/kot 2020-2024",draft_top_food_crop_candidate,Rantau,Rantau,-2.9334,115.1621,9.0,ID,Indonesia,South Kalimantan,Tapin Regency,,Asia/Makassar,,Open-Meteo Geocoding API
Kalimantan Tengah,Barito Timur,"Kandidat top kab/kot sentra tanaman pangan untuk padi, jagung, kacang tanah, dan kacang hijau; perlu validasi dengan data produksi kab/kot 2020-2024",draft_top_food_crop_candidate,Tamiang Layang,Tamiang Layang,-2.1236,115.1958,39.0,ID,Indonesia,Central Kalimantan,East Barito Regency,,Asia/Pontianak,,Open-Meteo Geocoding API
Kalimantan Tengah,Kapuas,"Kandidat top kab/kot sentra tanaman pangan untuk padi, jagung, kacang tanah, dan kacang hijau; perlu validasi dengan data produksi kab/kot 2020-2024",draft_top_food_crop_candidate,Kuala Kapuas,Kuala Kapuas,-3.0013,114.3916,,ID,Indonesia,Central Kalimantan,Kapuas Regency,,Asia/Jakarta,,Manual correction based on validated coordinate
Kalimantan Tengah,Kotawaringin Timur,"Kandidat top kab/kot sentra tanaman pangan untuk padi, jagung, kacang tanah, dan kacang hijau; perlu validasi dengan data produksi kab/kot 2020-2024",draft_top_food_crop_candidate,Sampit,Sampit,-2.5315,112.9496,5.0,ID,Indonesia,Central Kalimantan,East Kotawaringin Regency,,Asia/Pontianak,166773.0,Open-Meteo Geocoding API
Kalimantan Tengah,Pulang Pisau,"Kandidat top kab/kot sentra tanaman pangan untuk padi, jagung, kacang tanah, dan kacang hijau; perlu validasi dengan data produksi kab/kot 2020-2024",draft_top_food_crop_candidate,Pulang Pisau,Pulang Pisau,-2.7671,114.2406,9.0,ID,Indonesia,Central Kalimantan,Pulang Pisau Regency,,Asia/Pontianak,,Open-Meteo Geocoding API
Kalimantan Tengah,Seruyan,"Kandidat top kab/kot sentra tanaman pangan untuk padi, jagung, kacang tanah, dan kacang hijau; perlu validasi dengan data produksi kab/kot 2020-2024",draft_top_food_crop_candidate,Kuala Pembuang,Kuala Pembuang,-3.39228,112.55049,5.0,ID,Indonesia,Central Kalimantan,Seruyan Regency,,Asia/Pontianak,,Open-Meteo Geocoding API
Kalimantan Timur,Berau,"Kandidat top kab/kot sentra tanaman pangan untuk padi, jagung, kacang tanah, dan kacang hijau; perlu validasi dengan data produksi kab/kot 2020-2024",draft_top_food_crop_candidate,Tanjung Redeb,Tanjung Redeb,2.15281,117.49672,8.0,ID,Indonesia,East Kalimantan,Kabupaten Berau,,Asia/Makassar,,Open-Meteo Geocoding API
Kalimantan Timur,Kutai Kartanegara,"Kandidat top kab/kot sentra tanaman pangan untuk padi, jagung, kacang tanah, dan kacang hijau; perlu validasi dengan data produksi kab/kot 2020-2024",draft_top_food_crop_candidate,Tenggarong,Tenggarong,-0.42366,116.98895,10.0,ID,Indonesia,East Kalimantan,Kutai Kartanegara Regency,,Asia/Makassar,,Open-Meteo Geocoding API
Kalimantan Timur,Kutai Timur,"Kandidat top kab/kot sentra tanaman pangan untuk padi, jagung, kacang tanah, dan kacang hijau; perlu validasi dengan data produksi kab/kot 2020-2024",draft_top_food_crop_candidate,Sangatta,Sangatta,0.5049,117.5279,10.0,ID,Indonesia,East Kalimantan,East Kutai Regency,,Asia/Makassar,,Open-Meteo Geocoding API
Kalimantan Timur,Paser,"Kandidat top kab/kot sentra tanaman pangan untuk padi, jagung, kacang tanah, dan kacang hijau; perlu validasi dengan data produksi kab/kot 2020-2024",draft_top_food_crop_candidate,Tanah Grogot,Tanah Grogot Airport,-1.91013,116.202,6.0,ID,Indonesia,East Kalimantan,Paser Regency,,Asia/Makassar,,Open-Meteo Geocoding API
Kalimantan Timur,Penajam Paser Utara,"Kandidat top kab/kot sentra tanaman pangan untuk padi, jagung, kacang tanah, dan kacang hijau; perlu validasi dengan data produksi kab/kot 2020-2024",draft_top_food_crop_candidate,Penajam,Penajam,-1.24919,116.76968,7.0,ID,Indonesia,East Kalimantan,North Penajam Paser Regency,,Asia/Makassar,,Open-Meteo Geocoding API
Kalimantan Utara,Bulungan,"Kandidat top kab/kot sentra tanaman pangan untuk padi, jagung, kacang tanah, dan kacang hijau; perlu validasi dengan data produksi kab/kot 2020-2024",draft_top_food_crop_candidate,Tanjung Selor,Tanjung Selor,2.8375,117.36528,9.0,ID,Indonesia,North Kalimantan,Bulungan Regency,,Asia/Makassar,56569.0,Open-Meteo Geocoding API
Kalimantan Utara,Malinau,"Kandidat top kab/kot sentra tanaman pangan untuk padi, jagung, kacang tanah, dan kacang hijau; perlu validasi dengan data produksi kab/kot 2020-2024",draft_top_food_crop_candidate,Malinau,Malinau,3.58855,116.62391,5.0,ID,Indonesia,North Kalimantan,Malinau Regency,,Asia/Makassar,25596.0,Open-Meteo Geocoding API
Kalimantan Utara,Nunukan,"Kandidat top kab/kot sentra tanaman pangan untuk padi, jagung, kacang tanah, dan kacang hijau; perlu validasi dengan data produksi kab/kot 2020-2024",draft_top_food_crop_candidate,Nunukan,Nunukan,4.13841,117.6507,19.0,ID,Indonesia,East Kalimantan,,,Asia/Makassar,67006.0,Open-Meteo Geocoding API
Kalimantan Utara,Tana Tidung,"Kandidat top kab/kot sentra tanaman pangan untuk padi, jagung, kacang tanah, dan kacang hijau; perlu validasi dengan data produksi kab/kot 2020-2024",draft_top_food_crop_candidate,Tideng Pale,Tideng Pale,3.60815,116.90668,9.0,ID,Indonesia,North Kalimantan,Tana Tidung Regency,,Asia/Makassar,,Open-Meteo Geocoding API
Kalimantan Utara,Tarakan,"Kandidat top kab/kot sentra tanaman pangan untuk padi, jagung, kacang tanah, dan kacang hijau; perlu validasi dengan data produksi kab/kot 2020-2024",draft_top_food_crop_candidate,Tarakan,Tarakan,3.31332,117.59152,29.0,ID,Indonesia,North Kalimantan,Tarakan Regency,,Asia/Makassar,249960.0,Open-Meteo Geocoding API
Kepulauan Bangka Belitung,Bangka,"Kandidat top kab/kot sentra tanaman pangan untuk padi, jagung, kacang tanah, dan kacang hijau; perlu validasi dengan data produksi kab/kot 2020-2024",draft_top_food_crop_candidate,Sungailiat,Sungailiat,-1.85442,106.12215,4.0,ID,Indonesia,Bangka–Belitung Islands,Bangka Regency,,Asia/Jakarta,100750.0,Open-Meteo Geocoding API
Kepulauan Bangka Belitung,Bangka Barat,"Kandidat top kab/kot sentra tanaman pangan untuk padi, jagung, kacang tanah, dan kacang hijau; perlu validasi dengan data produksi kab/kot 2020-2024",draft_top_food_crop_candidate,Muntok,Muntok,-2.06719,105.16228,8.0,ID,Indonesia,Bangka–Belitung Islands,West Bangka Regency,,Asia/Jakarta,26709.0,Open-Meteo Geocoding API
Kepulauan Bangka Belitung,Bangka Selatan,"Kandidat top kab/kot sentra tanaman pangan untuk padi, jagung, kacang tanah, dan kacang hijau; perlu validasi dengan data produksi kab/kot 2020-2024",draft_top_food_crop_candidate,Toboali,Toboali,-3.0,106.5,33.0,ID,Indonesia,Bangka–Belitung Islands,South Bangka Regency,,Asia/Jakarta,,Open-Meteo Geocoding API
Kepulauan Bangka Belitung,Belitung,"Kandidat top kab/kot sentra tanaman pangan untuk padi, jagung, kacang tanah, dan kacang hijau; perlu validasi dengan data produksi kab/kot 2020-2024",draft_top_food_crop_candidate,Tanjung Pandan,Tanjung Pandan,-2.73353,107.63477,8.0,ID,Indonesia,Bangka–Belitung Islands,Belitung Regency,,Asia/Jakarta,103062.0,Open-Meteo Geocoding API
Kepulauan Bangka Belitung,Belitung Timur,"Kandidat top kab/kot sentra tanaman pangan untuk padi, jagung, kacang tanah, dan kacang hijau; perlu validasi dengan data produksi kab/kot 2020-2024",draft_top_food_crop_candidate,Manggar,Manggar,-2.88333,108.26667,2.0,ID,Indonesia,Bangka–Belitung Islands,East Belitung Regency,,Asia/Jakarta,39135.0,Open-Meteo Geocoding API
Kepulauan Riau,Batam,"Kandidat top kab/kot sentra tanaman pangan untuk padi, jagung, kacang tanah, dan kacang hijau; perlu validasi dengan data produksi kab/kot 2020-2024",draft_top_food_crop_candidate,Batam,Batam,1.14937,104.02491,38.0,ID,Indonesia,Riau,,,Asia/Jakarta,1164352.0,Open-Meteo Geocoding API
Kepulauan Riau,Bintan,"Kandidat top kab/kot sentra tanaman pangan untuk padi, jagung, kacang tanah, dan kacang hijau; perlu validasi dengan data produksi kab/kot 2020-2024",draft_top_food_crop_candidate,Bintan,Pulau Bintan,1.1,104.525,19.0,ID,Indonesia,Riau Islands,,,Asia/Pontianak,,Open-Meteo Geocoding API
Kepulauan Riau,Karimun,"Kandidat top kab/kot sentra tanaman pangan untuk padi, jagung, kacang tanah, dan kacang hijau; perlu validasi dengan data produksi kab/kot 2020-2024",draft_top_food_crop_candidate,Karimun,Karimunan,-6.5194,106.2899,194.0,ID,Indonesia,Banten,Lebak Regency,,Asia/Jakarta,,Open-Meteo Geocoding API
Kepulauan Riau,Lingga,"Kandidat top kab/kot sentra tanaman pangan untuk padi, jagung, kacang tanah, dan kacang hijau; perlu validasi dengan data produksi kab/kot 2020-2024",draft_top_food_crop_candidate,Daik,Daikela,-10.5684,121.8988,165.0,ID,Indonesia,East Nusa Tenggara,Sabu Raijua Regency,,Asia/Makassar,,Open-Meteo Geocoding API
Kepulauan Riau,Natuna,"Kandidat top kab/kot sentra tanaman pangan untuk padi, jagung, kacang tanah, dan kacang hijau; perlu validasi dengan data produksi kab/kot 2020-2024",draft_top_food_crop_candidate,Ranai,Ranai,3.9384,108.38401,10.0,ID,Indonesia,Riau Islands,Natuna Regency,,Asia/Jakarta,,Open-Meteo Geocoding API
Lampung,Lampung Selatan,"Kandidat top kab/kot sentra tanaman pangan untuk padi, jagung, kacang tanah, dan kacang hijau; perlu validasi dengan data produksi kab/kot 2020-2024",draft_top_food_crop_candidate,Kalianda,Kalianda,-5.73805,105.5916,20.0,ID,Indonesia,Lampung,South Lampung Regency,,Asia/Jakarta,,Open-Meteo Geocoding API
Lampung,Lampung Tengah,"Kandidat top kab/kot sentra tanaman pangan untuk padi, jagung, kacang tanah, dan kacang hijau; perlu validasi dengan data produksi kab/kot 2020-2024",draft_top_food_crop_candidate,Gunung Sugih,Gunung Sugih,-4.9753,105.21396,39.0,ID,Indonesia,Lampung,Central Lampung Regency,,Asia/Jakarta,,Open-Meteo Geocoding API
Lampung,Lampung Timur,"Kandidat top kab/kot sentra tanaman pangan untuk padi, jagung, kacang tanah, dan kacang hijau; perlu validasi dengan data produksi kab/kot 2020-2024",draft_top_food_crop_candidate,Sukadana,Sukadana,-5.06446,105.54869,19.0,ID,Indonesia,Lampung,East Lampung Regency,,Asia/Jakarta,,Open-Meteo Geocoding API
Lampung,Lampung Utara,"Kandidat top kab/kot sentra tanaman pangan untuk padi, jagung, kacang tanah, dan kacang hijau; perlu validasi dengan data produksi kab/kot 2020-2024",draft_top_food_crop_candidate,Kotabumi,Kotabumi,-4.82505,104.8817,37.0,ID,Indonesia,Lampung,North Lampung Regency,,Asia/Jakarta,42366.0,Open-Meteo Geocoding API
Lampung,Tulang Bawang,"Kandidat top kab/kot sentra tanaman pangan untuk padi, jagung, kacang tanah, dan kacang hijau; perlu validasi dengan data produksi kab/kot 2020-2024",draft_top_food_crop_candidate,Menggala,Menggala,-4.47131,105.25214,27.0,ID,Indonesia,Lampung,Tulang Bawang Regency,,Asia/Jakarta,,Open-Meteo Geocoding API
Maluku,Buru,"Kandidat top kab/kot sentra tanaman pangan untuk padi, jagung, kacang tanah, dan kacang hijau; perlu validasi dengan data produksi kab/kot 2020-2024",draft_top_food_crop_candidate,Namlea,Namlea,-3.26194,127.09292,34.0,ID,Indonesia,Maluku,Buru Regency,,Asia/Jayapura,,Open-Meteo Geocoding API
Maluku,Maluku Tengah,"Kandidat top kab/kot sentra tanaman pangan untuk padi, jagung, kacang tanah, dan kacang hijau; perlu validasi dengan data produksi kab/kot 2020-2024",draft_top_food_crop_candidate,Masohi,Masohi,-3.29833,128.96883,21.0,ID,Indonesia,Maluku,Kabupaten Maluku Tengah,,Asia/Jayapura,36433.0,Open-Meteo Geocoding API
Maluku,Maluku Tenggara,"Kandidat top kab/kot sentra tanaman pangan untuk padi, jagung, kacang tanah, dan kacang hijau; perlu validasi dengan data produksi kab/kot 2020-2024",draft_top_food_crop_candidate,Langgur,Langgur,-5.66689,132.73763,11.0,ID,Indonesia,Maluku,Southeast Maluku Regency,,Asia/Jayapura,,Open-Meteo Geocoding API
Maluku,Seram Bagian Barat,"Kandidat top kab/kot sentra tanaman pangan untuk padi, jagung, kacang tanah, dan kacang hijau; perlu validasi dengan data produksi kab/kot 2020-2024",draft_top_food_crop_candidate,Piru,Piru,-3.0618,128.1945,25.0,ID,Indonesia,Maluku,West Seram Regency,,Asia/Jayapura,,Open-Meteo Geocoding API
Maluku,Seram Bagian Timur,"Kandidat top kab/kot sentra tanaman pangan untuk padi, jagung, kacang tanah, dan kacang hijau; perlu validasi dengan data produksi kab/kot 2020-2024",draft_top_food_crop_candidate,Bula,Bula,-3.1112,130.4954,33.0,ID,Indonesia,Maluku,Kabupaten Seram Bagian Timur,,Asia/Jayapura,,Open-Meteo Geocoding API
Maluku Utara,Halmahera Barat,"Kandidat top kab/kot sentra tanaman pangan untuk padi, jagung, kacang tanah, dan kacang hijau; perlu validasi dengan data produksi kab/kot 2020-2024",draft_top_food_crop_candidate,Jailolo,Jailolo,1.06504,127.46786,19.0,ID,Indonesia,North Maluku,West Halmahera Regency,,Asia/Jayapura,,Open-Meteo Geocoding API
Maluku Utara,Halmahera Selatan,"Kandidat top kab/kot sentra tanaman pangan untuk padi, jagung, kacang tanah, dan kacang hijau; perlu validasi dengan data produksi kab/kot 2020-2024",draft_top_food_crop_candidate,Labuha,Labuha,-0.62546,127.47808,5.0,ID,Indonesia,North Maluku,South Halmahera Regency,,Asia/Jayapura,7073.0,Open-Meteo Geocoding API
Maluku Utara,Halmahera Timur,"Kandidat top kab/kot sentra tanaman pangan untuk padi, jagung, kacang tanah, dan kacang hijau; perlu validasi dengan data produksi kab/kot 2020-2024",draft_top_food_crop_candidate,Maba,Maba,0.7007,128.29198,10.0,ID,Indonesia,North Maluku,East Halmahera Regency,,Asia/Jayapura,12560.0,Open-Meteo Geocoding API
Maluku Utara,Halmahera Utara,"Kandidat top kab/kot sentra tanaman pangan untuk padi, jagung, kacang tanah, dan kacang hijau; perlu validasi dengan data produksi kab/kot 2020-2024",draft_top_food_crop_candidate,Tobelo,Tobelo,1.72837,128.00948,11.0,ID,Indonesia,North Maluku,North Halmahera Regency,,Asia/Jayapura,34150.0,Open-Meteo Geocoding API
Maluku Utara,Tidore Kepulauan,"Kandidat top kab/kot sentra tanaman pangan untuk padi, jagung, kacang tanah, dan kacang hijau; perlu validasi dengan data produksi kab/kot 2020-2024",draft_top_food_crop_candidate,Tidore,Soasio,0.65277,127.44533,18.0,ID,Indonesia,North Maluku,Kota Tidore Kepulauan,,Asia/Jayapura,,Open-Meteo Geocoding API
Nusa Tenggara Barat,Bima,"Kandidat top kab/kot sentra tanaman pangan untuk padi, jagung, kacang tanah, dan kacang hijau; perlu validasi dengan data produksi kab/kot 2020-2024",draft_top_food_crop_candidate,Bima,Bima,-8.46006,118.72667,15.0,ID,Indonesia,West Nusa Tenggara,Bima City,,Asia/Makassar,161362.0,Open-Meteo Geocoding API
Nusa Tenggara Barat,Dompu,"Kandidat top kab/kot sentra tanaman pangan untuk padi, jagung, kacang tanah, dan kacang hijau; perlu validasi dengan data produksi kab/kot 2020-2024",draft_top_food_crop_candidate,Dompu,Dompu,-8.5365,118.4634,32.0,ID,Indonesia,West Nusa Tenggara,Dompu Regency,,Asia/Makassar,54987.0,Open-Meteo Geocoding API
Nusa Tenggara Barat,Lombok Tengah,"Kandidat top kab/kot sentra tanaman pangan untuk padi, jagung, kacang tanah, dan kacang hijau; perlu validasi dengan data produksi kab/kot 2020-2024",draft_top_food_crop_candidate,Praya,Praya,-8.70536,116.27036,108.0,ID,Indonesia,West Nusa Tenggara,Central Lombok Regency,,Asia/Makassar,35183.0,Open-Meteo Geocoding API
Nusa Tenggara Barat,Lombok Timur,"Kandidat top kab/kot sentra tanaman pangan untuk padi, jagung, kacang tanah, dan kacang hijau; perlu validasi dengan data produksi kab/kot 2020-2024",draft_top_food_crop_candidate,Selong,Selong,-8.6503,116.5318,156.0,ID,Indonesia,West Nusa Tenggara,Kabupaten Lombok Timur,,Asia/Makassar,92464.0,Open-Meteo Geocoding API
Nusa Tenggara Barat,Sumbawa,"Kandidat top kab/kot sentra tanaman pangan untuk padi, jagung, kacang tanah, dan kacang hijau; perlu validasi dengan data produksi kab/kot 2020-2024",draft_top_food_crop_candidate,Sumbawa Besar,Sumbawa Besar,-8.49317,117.42024,14.0,ID,Indonesia,West Nusa Tenggara,Sumbawa Regency,,Asia/Makassar,62753.0,Open-Meteo Geocoding API
Nusa Tenggara Timur,Belu,"Kandidat top kab/kot sentra tanaman pangan untuk padi, jagung, kacang tanah, dan kacang hijau; perlu validasi dengan data produksi kab/kot 2020-2024",draft_top_food_crop_candidate,Atambua,Atambua,-9.10611,124.8925,336.0,ID,Indonesia,East Nusa Tenggara,Belu Regency,,Asia/Makassar,82196.0,Open-Meteo Geocoding API
Nusa Tenggara Timur,Kupang,"Kandidat top kab/kot sentra tanaman pangan untuk padi, jagung, kacang tanah, dan kacang hijau; perlu validasi dengan data produksi kab/kot 2020-2024",draft_top_food_crop_candidate,Oelamasi,Oelamasi,-10.0642,123.8787,50.0,ID,Indonesia,East Nusa Tenggara,Kupang Regency,,Asia/Makassar,,Open-Meteo Geocoding API
Nusa Tenggara Timur,Manggarai,"Kandidat top kab/kot sentra tanaman pangan untuk padi, jagung, kacang tanah, dan kacang hijau; perlu validasi dengan data produksi kab/kot 2020-2024",draft_top_food_crop_candidate,Ruteng,Ruteng,-8.61139,120.46444,1173.0,ID,Indonesia,East Nusa Tenggara,Manggarai Regency,,Asia/Makassar,41533.0,Open-Meteo Geocoding API
Nusa Tenggara Timur,Sumba Timur,"Kandidat top kab/kot sentra tanaman pangan untuk padi, jagung, kacang tanah, dan kacang hijau; perlu validasi dengan data produksi kab/kot 2020-2024",draft_top_food_crop_candidate,Waingapu,Waingapu,-9.6567,120.2641,26.0,ID,Indonesia,East Nusa Tenggara,Kabupaten Sumba Timur,,Asia/Makassar,35932.0,Open-Meteo Geocoding API
Nusa Tenggara Timur,Timor Tengah Selatan,"Kandidat top kab/kot sentra tanaman pangan untuk padi, jagung, kacang tanah, dan kacang hijau; perlu validasi dengan data produksi kab/kot 2020-2024",draft_top_food_crop_candidate,Soe,Soe,-9.86071,124.28395,852.0,ID,Indonesia,East Nusa Tenggara,South Central Timor Regency,,Asia/Makassar,40190.0,Open-Meteo Geocoding API
Papua,Biak Numfor,"Kandidat top kab/kot sentra tanaman pangan untuk padi, jagung, kacang tanah, dan kacang hijau; perlu validasi dengan data produksi kab/kot 2020-2024",draft_top_food_crop_candidate,Biak,Biak,-1.1767,136.082,10.0,ID,Indonesia,Papua,Biak Numfor Regency,,Asia/Jayapura,4537.0,Open-Meteo Geocoding API
Papua,Jayapura,"Kandidat top kab/kot sentra tanaman pangan untuk padi, jagung, kacang tanah, dan kacang hijau; perlu validasi dengan data produksi kab/kot 2020-2024",draft_top_food_crop_candidate,Sentani,Sentani,-2.5691,140.5127,100.0,ID,Indonesia,Papua,Kabupaten Jayapura,,Asia/Jayapura,,Open-Meteo Geocoding API
Papua,Keerom,"Kandidat top kab/kot sentra tanaman pangan untuk padi, jagung, kacang tanah, dan kacang hijau; perlu validasi dengan data produksi kab/kot 2020-2024",draft_top_food_crop_candidate,Arso,Arso,-2.9028,140.7657,45.0,ID,Indonesia,Papua,Keerom Regency,,Asia/Jayapura,,Open-Meteo Geocoding API
Papua,Kota Jayapura,"Kandidat top kab/kot sentra tanaman pangan untuk padi, jagung, kacang tanah, dan kacang hijau; perlu validasi dengan data produksi kab/kot 2020-2024",draft_top_food_crop_candidate,Jayapura,Jayapura,-2.53371,140.71812,11.0,ID,Indonesia,Papua,Kota Jayapura,,Asia/Jayapura,404004.0,Open-Meteo Geocoding API
Papua,Sarmi,"Kandidat top kab/kot sentra tanaman pangan untuk padi, jagung, kacang tanah, dan kacang hijau; perlu validasi dengan data produksi kab/kot 2020-2024",draft_top_food_crop_candidate,Sarmi,Sarmi,-1.85302,138.75093,7.0,ID,Indonesia,Papua,Sarmi Regency,,Asia/Jayapura,,Open-Meteo Geocoding API
Papua Barat,Fakfak,"Kandidat top kab/kot sentra tanaman pangan untuk padi, jagung, kacang tanah, dan kacang hijau; perlu validasi dengan data produksi kab/kot 2020-2024",draft_top_food_crop_candidate,Fakfak,Fakfak,-2.92481,132.29813,71.0,ID,Indonesia,Papua,,,Asia/Jayapura,18900.0,Open-Meteo Geocoding API
Papua Barat,Kaimana,"Kandidat top kab/kot sentra tanaman pangan untuk padi, jagung, kacang tanah, dan kacang hijau; perlu validasi dengan data produksi kab/kot 2020-2024",draft_top_food_crop_candidate,Kaimana,Kaimana,-3.6635,133.7649,6.0,ID,Indonesia,West Papua,Kaimana Regency,,Asia/Jayapura,,Open-Meteo Geocoding API
Papua Barat,Manokwari,"Kandidat top kab/kot sentra tanaman pangan untuk padi, jagung, kacang tanah, dan kacang hijau; perlu validasi dengan data produksi kab/kot 2020-2024",draft_top_food_crop_candidate,Manokwari,Manokwari,-0.86291,134.06403,15.0,ID,Indonesia,West Papua,Manokwari Regency,,Asia/Jayapura,107325.0,Open-Meteo Geocoding API
Papua Barat,Manokwari Selatan,"Kandidat top kab/kot sentra tanaman pangan untuk padi, jagung, kacang tanah, dan kacang hijau; perlu validasi dengan data produksi kab/kot 2020-2024",draft_top_food_crop_candidate,Ransiki,Ransiki,-1.5083,134.1708,26.0,ID,Indonesia,West Papua,South Manokwari Regency,,Asia/Jayapura,16245.0,Open-Meteo Geocoding API
Papua Barat,Teluk Bintuni,"Kandidat top kab/kot sentra tanaman pangan untuk padi, jagung, kacang tanah, dan kacang hijau; perlu validasi dengan data produksi kab/kot 2020-2024",draft_top_food_crop_candidate,Bintuni,Bintuni,-2.10967,133.52461,12.0,ID,Indonesia,West Papua,Teluk Bintuni Regency,,Asia/Jayapura,24742.0,Open-Meteo Geocoding API
Papua Barat Daya,Maybrat,"Kandidat top kab/kot sentra tanaman pangan untuk padi, jagung, kacang tanah, dan kacang hijau; perlu validasi dengan data produksi kab/kot 2020-2024",draft_top_food_crop_candidate,Kumurkek,Kumurkek,-1.25667,132.49973,446.0,ID,Indonesia,Southwest Papua,Maybrat Regency,,Asia/Jayapura,,Open-Meteo Geocoding API
Papua Barat Daya,Raja Ampat,"Kandidat top kab/kot sentra tanaman pangan untuk padi, jagung, kacang tanah, dan kacang hijau; perlu validasi dengan data produksi kab/kot 2020-2024",draft_top_food_crop_candidate,Waisai,Waisai,-0.2379,130.5072,185.0,ID,Indonesia,Southwest Papua,Raja Ampat Regency,,Asia/Jayapura,22541.0,Open-Meteo Geocoding API
Papua Barat Daya,Sorong,"Kandidat top kab/kot sentra tanaman pangan untuk padi, jagung, kacang tanah, dan kacang hijau; perlu validasi dengan data produksi kab/kot 2020-2024",draft_top_food_crop_candidate,Aimas,Aimas,-0.95698,131.33534,9.0,ID,Indonesia,Southwest Papua,Sorong Regency,,Asia/Jayapura,,Open-Meteo Geocoding API
Papua Barat Daya,Sorong Selatan,"Kandidat top kab/kot sentra tanaman pangan untuk padi, jagung, kacang tanah, dan kacang hijau; perlu validasi dengan data produksi kab/kot 2020-2024",draft_top_food_crop_candidate,Teminabuan,Teminabuan,-1.4416,132.01428,35.0,ID,Indonesia,Southwest Papua,South Sorong Regency,,Asia/Jayapura,19491.0,Open-Meteo Geocoding API
Papua Barat Daya,Tambrauw,"Kandidat top kab/kot sentra tanaman pangan untuk padi, jagung, kacang tanah, dan kacang hijau; perlu validasi dengan data produksi kab/kot 2020-2024",draft_top_food_crop_candidate,Fef,Fef,-0.80889,132.43222,426.0,ID,Indonesia,Southwest Papua,Tambrauw Regency,,Asia/Jayapura,966.0,Open-Meteo Geocoding API
Papua Pegunungan,Jayawijaya,"Kandidat top kab/kot sentra tanaman pangan untuk padi, jagung, kacang tanah, dan kacang hijau; perlu validasi dengan data produksi kab/kot 2020-2024",draft_top_food_crop_candidate,Wamena,Wamena,-4.09583,138.94806,1488.0,ID,Indonesia,Highland Papua,Jayawijaya Regency,,Asia/Jayapura,41844.0,Open-Meteo Geocoding API
Papua Pegunungan,Lanny Jaya,"Kandidat top kab/kot sentra tanaman pangan untuk padi, jagung, kacang tanah, dan kacang hijau; perlu validasi dengan data produksi kab/kot 2020-2024",draft_top_food_crop_candidate,Tiom,Tiom,-3.92361,138.45473,2116.0,ID,Indonesia,Highland Papua,Lanny Jaya Regency,,Asia/Jayapura,,Open-Meteo Geocoding API
Papua Pegunungan,Mamberamo Tengah,"Kandidat top kab/kot sentra tanaman pangan untuk padi, jagung, kacang tanah, dan kacang hijau; perlu validasi dengan data produksi kab/kot 2020-2024",draft_top_food_crop_candidate,Kobakma,Kobakma,-3.66417,139.065,961.0,ID,Indonesia,Highland Papua,Central Mamberamo Regency,,Asia/Jayapura,,Open-Meteo Geocoding API
Papua Pegunungan,Tolikara,"Kandidat top kab/kot sentra tanaman pangan untuk padi, jagung, kacang tanah, dan kacang hijau; perlu validasi dengan data produksi kab/kot 2020-2024",draft_top_food_crop_candidate,Karubaga,Karubaga,-3.6994,138.4579,1781.0,ID,Indonesia,Highland Papua,Tolikara Regency,,Asia/Jayapura,,Open-Meteo Geocoding API
Papua Pegunungan,Yahukimo,"Kandidat top kab/kot sentra tanaman pangan untuk padi, jagung, kacang tanah, dan kacang hijau; perlu validasi dengan data produksi kab/kot 2020-2024",draft_top_food_crop_candidate,Dekai,Dekai Airport,-4.85614,139.48105,58.0,ID,Indonesia,Highland Papua,Yahukimo Regency,,Asia/Jayapura,,Open-Meteo Geocoding API
Papua Selatan,Asmat,"Kandidat top kab/kot sentra tanaman pangan untuk padi, jagung, kacang tanah, dan kacang hijau; perlu validasi dengan data produksi kab/kot 2020-2024",draft_top_food_crop_candidate,Agats,Agats,-5.54505,138.13522,4.0,ID,Indonesia,South Papua,Asmat Regency,,Asia/Jayapura,23869.0,Open-Meteo Geocoding API
Papua Selatan,Boven Digoel,"Kandidat top kab/kot sentra tanaman pangan untuk padi, jagung, kacang tanah, dan kacang hijau; perlu validasi dengan data produksi kab/kot 2020-2024",draft_top_food_crop_candidate,Tanah Merah,Tanah Merah,-6.09756,140.30649,26.0,ID,Indonesia,South Papua,Boven Digoel Regency,,Asia/Jayapura,,Open-Meteo Geocoding API
Papua Selatan,Mappi,"Kandidat top kab/kot sentra tanaman pangan untuk padi, jagung, kacang tanah, dan kacang hijau; perlu validasi dengan data produksi kab/kot 2020-2024",draft_top_food_crop_candidate,Kepi,Kepi,-6.52461,139.32224,12.0,ID,Indonesia,South Papua,Mappi Regency,,Asia/Jayapura,,Open-Meteo Geocoding API
Papua Selatan,Merauke,"Kandidat top kab/kot sentra tanaman pangan untuk padi, jagung, kacang tanah, dan kacang hijau; perlu validasi dengan data produksi kab/kot 2020-2024",draft_top_food_crop_candidate,Merauke,Merauke,-8.49958,140.40613,8.0,ID,Indonesia,South Papua,Merauke Regency,,Asia/Jayapura,102351.0,Open-Meteo Geocoding API
Papua Tengah,Deiyai,"Kandidat top kab/kot sentra tanaman pangan untuk padi, jagung, kacang tanah, dan kacang hijau; perlu validasi dengan data produksi kab/kot 2020-2024",draft_top_food_crop_candidate,Tigi,Tigi,-3.96667,136.26666,1772.0,ID,Indonesia,Central Papua,Paniai Regency,,Asia/Jayapura,,Open-Meteo Geocoding API
Papua Tengah,Dogiyai,"Kandidat top kab/kot sentra tanaman pangan untuk padi, jagung, kacang tanah, dan kacang hijau; perlu validasi dengan data produksi kab/kot 2020-2024",draft_top_food_crop_candidate,Kigamani,Kigamani,-3.96139,135.9436,1582.0,ID,Indonesia,Central Papua,Dogiyai Regency,,Asia/Jayapura,,Open-Meteo Geocoding API
Papua Tengah,Mimika,"Kandidat top kab/kot sentra tanaman pangan untuk padi, jagung, kacang tanah, dan kacang hijau; perlu validasi dengan data produksi kab/kot 2020-2024",draft_top_food_crop_candidate,Timika,Timika,-4.61407,136.67679,21.0,ID,Indonesia,Central Papua,Mimika Regency,,Asia/Jayapura,,Open-Meteo Geocoding API
Papua Tengah,Nabire,"Kandidat top kab/kot sentra tanaman pangan untuk padi, jagung, kacang tanah, dan kacang hijau; perlu validasi dengan data produksi kab/kot 2020-2024",draft_top_food_crop_candidate,Nabire,Nabire,-3.35989,135.50073,8.0,ID,Indonesia,Central Papua,Nabire Regency,,Asia/Jayapura,43898.0,Open-Meteo Geocoding API
Papua Tengah,Paniai,"Kandidat top kab/kot sentra tanaman pangan untuk padi, jagung, kacang tanah, dan kacang hijau; perlu validasi dengan data produksi kab/kot 2020-2024",draft_top_food_crop_candidate,Enarotali,Enarotali,-3.93032,136.37651,1788.0,ID,Indonesia,Central Papua,Paniai Regency,,Asia/Jayapura,,Open-Meteo Geocoding API
Riau,Indragiri Hilir,"Kandidat top kab/kot sentra tanaman pangan untuk padi, jagung, kacang tanah, dan kacang hijau; perlu validasi dengan data produksi kab/kot 2020-2024",draft_top_food_crop_candidate,Tembilahan,Tembilahan,-0.3227,103.1603,6.0,ID,Indonesia,Riau,Indragiri Hilir Regency,,Asia/Jakarta,,Open-Meteo Geocoding API
Riau,Kampar,"Kandidat top kab/kot sentra tanaman pangan untuk padi, jagung, kacang tanah, dan kacang hijau; perlu validasi dengan data produksi kab/kot 2020-2024",draft_top_food_crop_candidate,Bangkinang,Bangkinang,0.33833,101.02361,44.0,ID,Indonesia,Riau,Kampar Regency,,Asia/Jakarta,,Open-Meteo Geocoding API
Riau,Rokan Hilir,"Kandidat top kab/kot sentra tanaman pangan untuk padi, jagung, kacang tanah, dan kacang hijau; perlu validasi dengan data produksi kab/kot 2020-2024",draft_top_food_crop_candidate,Bagansiapiapi,Bagansiapiapi,2.15668,100.80763,,ID,Indonesia,Riau,Rokan Hilir Regency,,Asia/Jakarta,,Manual correction based on validated coordinate
Riau,Rokan Hulu,"Kandidat top kab/kot sentra tanaman pangan untuk padi, jagung, kacang tanah, dan kacang hijau; perlu validasi dengan data produksi kab/kot 2020-2024",draft_top_food_crop_candidate,Pasir Pengaraian,Pasir Pengaraian,0.86459,100.29547,58.0,ID,Indonesia,Riau,Rokan Hulu Regency,,Asia/Jakarta,,Open-Meteo Geocoding API
Riau,Siak,"Kandidat top kab/kot sentra tanaman pangan untuk padi, jagung, kacang tanah, dan kacang hijau; perlu validasi dengan data produksi kab/kot 2020-2024",draft_top_food_crop_candidate,Siak Sri Indrapura,Siak Sri Indrapura,0.79317,102.0511,5.0,ID,Indonesia,Riau,Siak Regency,,Asia/Jakarta,,Open-Meteo Geocoding API
Sulawesi Barat,Majene,"Kandidat top kab/kot sentra tanaman pangan untuk padi, jagung, kacang tanah, dan kacang hijau; perlu validasi dengan data produksi kab/kot 2020-2024",draft_top_food_crop_candidate,Majene,Majene,-3.5403,118.9707,8.0,ID,Indonesia,West Sulawesi,Majene Regency,,Asia/Makassar,73883.0,Open-Meteo Geocoding API
Sulawesi Barat,Mamasa,"Kandidat top kab/kot sentra tanaman pangan untuk padi, jagung, kacang tanah, dan kacang hijau; perlu validasi dengan data produksi kab/kot 2020-2024",draft_top_food_crop_candidate,Mamasa,Mamasa,-2.942,119.3776,1139.0,ID,Indonesia,West Sulawesi,Mamasa Regency,,Asia/Makassar,,Open-Meteo Geocoding API
Sulawesi Barat,Mamuju,"Kandidat top kab/kot sentra tanaman pangan untuk padi, jagung, kacang tanah, dan kacang hijau; perlu validasi dengan data produksi kab/kot 2020-2024",draft_top_food_crop_candidate,Mamuju,Mamuju,-2.68056,118.88611,8.0,ID,Indonesia,West Sulawesi,Mamuju Regency,,Asia/Makassar,15000.0,Open-Meteo Geocoding API
Sulawesi Barat,Mamuju Tengah,"Kandidat top kab/kot sentra tanaman pangan untuk padi, jagung, kacang tanah, dan kacang hijau; perlu validasi dengan data produksi kab/kot 2020-2024",draft_top_food_crop_candidate,Tobadak,Tobadak,-2.08944,119.34722,21.0,ID,Indonesia,West Sulawesi,Central Mamuju Regency,,Asia/Makassar,,Open-Meteo Geocoding API
Sulawesi Barat,Polewali Mandar,"Kandidat top kab/kot sentra tanaman pangan untuk padi, jagung, kacang tanah, dan kacang hijau; perlu validasi dengan data produksi kab/kot 2020-2024",draft_top_food_crop_candidate,Polewali,Polewali,-3.4324,119.3435,6.0,ID,Indonesia,West Sulawesi,Polewali Mandar Regency,,Asia/Makassar,65800.0,Open-Meteo Geocoding API
Sulawesi Selatan,Bone,"Kandidat top kab/kot sentra tanaman pangan untuk padi, jagung, kacang tanah, dan kacang hijau; perlu validasi dengan data produksi kab/kot 2020-2024",draft_top_food_crop_candidate,Watampone,Watampone,-4.5386,120.3279,34.0,ID,Indonesia,South Sulawesi,Bone Regency,,Asia/Makassar,149336.0,Open-Meteo Geocoding API
Sulawesi Selatan,Gowa,"Kandidat top kab/kot sentra tanaman pangan untuk padi, jagung, kacang tanah, dan kacang hijau; perlu validasi dengan data produksi kab/kot 2020-2024",draft_top_food_crop_candidate,Sungguminasa,Sungguminasa,-5.1971,119.451,10.0,ID,Indonesia,South Sulawesi,Gowa Regency,,Asia/Makassar,,Open-Meteo Geocoding API
Sulawesi Selatan,Pinrang,"Kandidat top kab/kot sentra tanaman pangan untuk padi, jagung, kacang tanah, dan kacang hijau; perlu validasi dengan data produksi kab/kot 2020-2024",draft_top_food_crop_candidate,Pinrang,Pinrang,-3.78611,119.65222,19.0,ID,Indonesia,South Sulawesi,Pinrang Regency,,Asia/Makassar,,Open-Meteo Geocoding API
Sulawesi Selatan,Sidenreng Rappang,"Kandidat top kab/kot sentra tanaman pangan untuk padi, jagung, kacang tanah, dan kacang hijau; perlu validasi dengan data produksi kab/kot 2020-2024",draft_top_food_crop_candidate,Pangkajene Sidenreng,Pangkajene Sidenreng,-3.9258194,119.7953,,ID,Indonesia,South Sulawesi,Sidenreng Rappang Regency,Maritengngae,Asia/Makassar,,Manual correction based on validated coordinate
Sulawesi Selatan,Wajo,"Kandidat top kab/kot sentra tanaman pangan untuk padi, jagung, kacang tanah, dan kacang hijau; perlu validasi dengan data produksi kab/kot 2020-2024",draft_top_food_crop_candidate,Sengkang,Sengkang,-4.1279,120.0297,23.0,ID,Indonesia,South Sulawesi,Wajo Regency,,Asia/Makassar,59523.0,Open-Meteo Geocoding API
Sulawesi Tengah,Banggai,"Kandidat top kab/kot sentra tanaman pangan untuk padi, jagung, kacang tanah, dan kacang hijau; perlu validasi dengan data produksi kab/kot 2020-2024",draft_top_food_crop_candidate,Luwuk,Luwuk,-0.9516,122.7875,17.0,ID,Indonesia,Central Sulawesi,Banggai Regency,,Asia/Makassar,47778.0,Open-Meteo Geocoding API
Sulawesi Tengah,Donggala,"Kandidat top kab/kot sentra tanaman pangan untuk padi, jagung, kacang tanah, dan kacang hijau; perlu validasi dengan data produksi kab/kot 2020-2024",draft_top_food_crop_candidate,Donggala,Donggala,-0.6723,119.7402,13.0,ID,Indonesia,Central Sulawesi,Kabupaten Donggala,,Asia/Makassar,,Open-Meteo Geocoding API
Sulawesi Tengah,Parigi Moutong,"Kandidat top kab/kot sentra tanaman pangan untuk padi, jagung, kacang tanah, dan kacang hijau; perlu validasi dengan data produksi kab/kot 2020-2024",draft_top_food_crop_candidate,Parigi,Parigi,-7.7015,108.496,11.0,ID,Indonesia,West Java,Pangandaran Regency,,Asia/Jakarta,,Open-Meteo Geocoding API
Sulawesi Tengah,Poso,"Kandidat top kab/kot sentra tanaman pangan untuk padi, jagung, kacang tanah, dan kacang hijau; perlu validasi dengan data produksi kab/kot 2020-2024",draft_top_food_crop_candidate,Poso,Poso,-1.3959,120.7524,10.0,ID,Indonesia,Central Sulawesi,Kabupaten Poso,,Asia/Makassar,47477.0,Open-Meteo Geocoding API
Sulawesi Tengah,Sigi,"Kandidat top kab/kot sentra tanaman pangan untuk padi, jagung, kacang tanah, dan kacang hijau; perlu validasi dengan data produksi kab/kot 2020-2024",draft_top_food_crop_candidate,Sigi Biromaru,Sigi Biromaru,-0.94982,119.91805,69.0,ID,Indonesia,Central Sulawesi,Sigi Regency,,Asia/Makassar,,Open-Meteo Geocoding API
Sulawesi Tenggara,Bombana,"Kandidat top kab/kot sentra tanaman pangan untuk padi, jagung, kacang tanah, dan kacang hijau; perlu validasi dengan data produksi kab/kot 2020-2024",draft_top_food_crop_candidate,Rumbia,Rumbia,-4.62767,122.00472,3.0,ID,Indonesia,Southeast Sulawesi,Bombana Regency,,Asia/Makassar,,Open-Meteo Geocoding API
Sulawesi Tenggara,Kolaka Timur,"Kandidat top kab/kot sentra tanaman pangan untuk padi, jagung, kacang tanah, dan kacang hijau; perlu validasi dengan data produksi kab/kot 2020-2024",draft_top_food_crop_candidate,Tirawuta,Tirawuta,-3.9613,122.2861,56.0,ID,Indonesia,Southeast Sulawesi,Konawe Regency,,Asia/Makassar,,Open-Meteo Geocoding API
Sulawesi Tenggara,Konawe,"Kandidat top kab/kot sentra tanaman pangan untuk padi, jagung, kacang tanah, dan kacang hijau; perlu validasi dengan data produksi kab/kot 2020-2024",draft_top_food_crop_candidate,Unaaha,Unaaha,-3.8539,122.042,38.0,ID,Indonesia,Southeast Sulawesi,Kota Kendari,,Asia/Makassar,,Open-Meteo Geocoding API
Sulawesi Tenggara,Konawe Selatan,"Kandidat top kab/kot sentra tanaman pangan untuk padi, jagung, kacang tanah, dan kacang hijau; perlu validasi dengan data produksi kab/kot 2020-2024",draft_top_food_crop_candidate,Andoolo,Andoolo,-4.3273,122.2522,95.0,ID,Indonesia,Southeast Sulawesi,South Konawe Regency,,Asia/Makassar,,Open-Meteo Geocoding API
Sulawesi Tenggara,Muna,"Kandidat top kab/kot sentra tanaman pangan untuk padi, jagung, kacang tanah, dan kacang hijau; perlu validasi dengan data produksi kab/kot 2020-2024",draft_top_food_crop_candidate,Raha,Raha,-4.838,122.7209,19.0,ID,Indonesia,Southeast Sulawesi,Muna Regency,,Asia/Makassar,69980.0,Open-Meteo Geocoding API
Sulawesi Utara,Bolaang Mongondow,"Kandidat top kab/kot sentra tanaman pangan untuk padi, jagung, kacang tanah, dan kacang hijau; perlu validasi dengan data produksi kab/kot 2020-2024",draft_top_food_crop_candidate,Lolak,Lolak,0.8755,124.0098,10.0,ID,Indonesia,North Sulawesi,Bolaang Mongondow Regency,,Asia/Makassar,,Open-Meteo Geocoding API
Sulawesi Utara,Bolaang Mongondow Utara,"Kandidat top kab/kot sentra tanaman pangan untuk padi, jagung, kacang tanah, dan kacang hijau; perlu validasi dengan data produksi kab/kot 2020-2024",draft_top_food_crop_candidate,Boroko,Boroko,0.9083,123.2679,10.0,ID,Indonesia,North Sulawesi,North Bolaang Mongondow Regency,,Asia/Makassar,,Open-Meteo Geocoding API
Sulawesi Utara,Minahasa,"Kandidat top kab/kot sentra tanaman pangan untuk padi, jagung, kacang tanah, dan kacang hijau; perlu validasi dengan data produksi kab/kot 2020-2024",draft_top_food_crop_candidate,Tondano,Tondano,1.3054,124.91261,693.0,ID,Indonesia,North Sulawesi,Kabupaten Minahasa,,Asia/Makassar,33317.0,Open-Meteo Geocoding API
Sulawesi Utara,Minahasa Selatan,"Kandidat top kab/kot sentra tanaman pangan untuk padi, jagung, kacang tanah, dan kacang hijau; perlu validasi dengan data produksi kab/kot 2020-2024",draft_top_food_crop_candidate,Amurang,Amurang,-1.1825,124.573,,ID,Indonesia,North Sulawesi,South Minahasa Regency,,Asia/Makassar,,Manual correction based on validated coordinate
Sulawesi Utara,Minahasa Utara,"Kandidat top kab/kot sentra tanaman pangan untuk padi, jagung, kacang tanah, dan kacang hijau; perlu validasi dengan data produksi kab/kot 2020-2024",draft_top_food_crop_candidate,Airmadidi,Airmadidi,1.42804,124.97774,244.0,ID,Indonesia,North Sulawesi,Kabupaten Minahasa Utara,,Asia/Makassar,,Open-Meteo Geocoding API
Sumatera Barat,Agam,"Kandidat top kab/kot sentra tanaman pangan untuk padi, jagung, kacang tanah, dan kacang hijau; perlu validasi dengan data produksi kab/kot 2020-2024",draft_top_food_crop_candidate,Lubuk Basung,Lubuk Basung,-0.32545,100.06462,127.0,ID,Indonesia,West Sumatra,Agam Regency,,Asia/Jakarta,,Open-Meteo Geocoding API
Sumatera Barat,Lima Puluh Kota,"Kandidat top kab/kot sentra tanaman pangan untuk padi, jagung, kacang tanah, dan kacang hijau; perlu validasi dengan data produksi kab/kot 2020-2024",draft_top_food_crop_candidate,Sarilamak,Sarilamak,-0.1503,100.664,501.0,ID,Indonesia,West Sumatra,Lima Puluh Kota Regency,,Asia/Jakarta,,Open-Meteo Geocoding API
Sumatera Barat,Pasaman Barat,"Kandidat top kab/kot sentra tanaman pangan untuk padi, jagung, kacang tanah, dan kacang hijau; perlu validasi dengan data produksi kab/kot 2020-2024",draft_top_food_crop_candidate,Simpang Empat,Simpang Empat,0.09703,99.82339,64.0,ID,Indonesia,West Sumatra,West Pasaman Regency,,Asia/Jakarta,,Open-Meteo Geocoding API
Sumatera Barat,Solok,"Kandidat top kab/kot sentra tanaman pangan untuk padi, jagung, kacang tanah, dan kacang hijau; perlu validasi dengan data produksi kab/kot 2020-2024",draft_top_food_crop_candidate,Arosuka,Arosuka,-0.95221,100.621,1023.0,ID,Indonesia,West Sumatra,Solok Regency,,Asia/Jakarta,,Open-Meteo Geocoding API
Sumatera Barat,Tanah Datar,"Kandidat top kab/kot sentra tanaman pangan untuk padi, jagung, kacang tanah, dan kacang hijau; perlu validasi dengan data produksi kab/kot 2020-2024",draft_top_food_crop_candidate,Batusangkar,Batusangkar,-0.4606,100.6107,413.0,ID,Indonesia,West Sumatra,Tanah Datar Regency,,Asia/Jakarta,,Open-Meteo Geocoding API
Sumatera Selatan,Banyuasin,"Kandidat top kab/kot sentra tanaman pangan untuk padi, jagung, kacang tanah, dan kacang hijau; perlu validasi dengan data produksi kab/kot 2020-2024",draft_top_food_crop_candidate,Pangkalan Balai,Pangkalan Balai,-2.8812,104.3943,19.0,ID,Indonesia,South Sumatra,Kabupaten Banyu Asin,,Asia/Jakarta,,Open-Meteo Geocoding API
Sumatera Selatan,Muara Enim,"Kandidat top kab/kot sentra tanaman pangan untuk padi, jagung, kacang tanah, dan kacang hijau; perlu validasi dengan data produksi kab/kot 2020-2024",draft_top_food_crop_candidate,Muara Enim,Muara Enim,-3.6486,103.771,41.0,ID,Indonesia,South Sumatra,Kabupaten Muara Enim,,Asia/Jakarta,,Open-Meteo Geocoding API
Sumatera Selatan,Musi Banyuasin,"Kandidat top kab/kot sentra tanaman pangan untuk padi, jagung, kacang tanah, dan kacang hijau; perlu validasi dengan data produksi kab/kot 2020-2024",draft_top_food_crop_candidate,Sekayu,Sekayu,-2.8819,103.8344,14.0,ID,Indonesia,South Sumatra,Kabupaten Musi Banyuasin,,Asia/Jakarta,,Open-Meteo Geocoding API
Sumatera Selatan,Ogan Komering Ilir,"Kandidat top kab/kot sentra tanaman pangan untuk padi, jagung, kacang tanah, dan kacang hijau; perlu validasi dengan data produksi kab/kot 2020-2024",draft_top_food_crop_candidate,Kayu Agung,Kayu Agung,-3.392,104.8306,17.0,ID,Indonesia,South Sumatra,Kabupaten Ogan Komering Ilir,,Asia/Jakarta,,Open-Meteo Geocoding API
Sumatera Selatan,Ogan Komering Ulu Timur,"Kandidat top kab/kot sentra tanaman pangan untuk padi, jagung, kacang tanah, dan kacang hijau; perlu validasi dengan data produksi kab/kot 2020-2024",draft_top_food_crop_candidate,Martapura,Martapura,-3.4109,114.8642,6.0,ID,Indonesia,South Kalimantan,Banjar Regency,,Asia/Makassar,131449.0,Open-Meteo Geocoding API
Sumatera Utara,Deli Serdang,"Kandidat top kab/kot sentra tanaman pangan untuk padi, jagung, kacang tanah, dan kacang hijau; perlu validasi dengan data produksi kab/kot 2020-2024",draft_top_food_crop_candidate,Lubuk Pakam,Lubuk Pakam,3.5592,98.8733,16.0,ID,Indonesia,North Sumatra,Kabupaten Deli Serdang,,Asia/Jakarta,,Open-Meteo Geocoding API
Sumatera Utara,Langkat,"Kandidat top kab/kot sentra tanaman pangan untuk padi, jagung, kacang tanah, dan kacang hijau; perlu validasi dengan data produksi kab/kot 2020-2024",draft_top_food_crop_candidate,Stabat,Stabat,3.73335,98.45025,12.0,ID,Indonesia,North Sumatra,Kabupaten Langkat,,Asia/Jakarta,26862.0,Open-Meteo Geocoding API
Sumatera Utara,Mandailing Natal,"Kandidat top kab/kot sentra tanaman pangan untuk padi, jagung, kacang tanah, dan kacang hijau; perlu validasi dengan data produksi kab/kot 2020-2024",draft_top_food_crop_candidate,Panyabungan,Panyambungan,0.8651,99.5528,213.0,ID,Indonesia,North Sumatra,Kabupaten Mandailing Natal,,Asia/Jakarta,,Open-Meteo Geocoding API
Sumatera Utara,Serdang Bedagai,"Kandidat top kab/kot sentra tanaman pangan untuk padi, jagung, kacang tanah, dan kacang hijau; perlu validasi dengan data produksi kab/kot 2020-2024",draft_top_food_crop_candidate,Sei Rampah,Sei Rampah,3.4845,99.1366,7.0,ID,Indonesia,North Sumatra,Kabupaten Serdang Bedagai,,Asia/Jakarta,,Open-Meteo Geocoding API
Sumatera Utara,Simalungun,"Kandidat top kab/kot sentra tanaman pangan untuk padi, jagung, kacang tanah, dan kacang hijau; perlu validasi dengan data produksi kab/kot 2020-2024",draft_top_food_crop_candidate,Pematang Raya,Pematang Raya,2.9658,98.8473,1013.0,ID,Indonesia,North Sumatra,Simalungun Regency,,Asia/Jakarta,,Open-Meteo Geocoding API
