Provinsi,Komoditas,Produksi
ACEH,Jagung,312642.0
ACEH,Kacang Hijau,3688.71
ACEH,Kacang Tanah,11335.77
ACEH,Kedelai,21863.04
ACEH,Padi,7965610.23
BALI,Jagung,224276.0
BALI,Kacang Hijau,744.9
BALI,Kacang Tanah,24378.26
BALI,Kedelai,15308.31
BALI,Padi,3140734.86
BANTEN,Jagung,66391.0
BANTEN,Kacang Hijau,1680.6
BANTEN,Kacang Tanah,17227.72
BANTEN,Kedelai,12810.17
BANTEN,Padi,8284106.44
BENGKULU,Jagung,245405.0
BENGKULU,Kacang Hijau,969.3
BENGKULU,Kacang Tanah,7153.78
BENGKULU,Kedelai,1932.47
BENGKULU,Padi,1405094.3
DAERAH ISTIMEWA YOGYAKARTA,Jagung,991556.0
DAERAH ISTIMEWA YOGYAKARTA,Kacang Hijau,2261.5
DAERAH ISTIMEWA YOGYAKARTA,Kacang Tanah,312206.16000000003
DAERAH ISTIMEWA YOGYAKARTA,Kedelai,37283.02
DAERAH ISTIMEWA YOGYAKARTA,Padi,2628571.97
DAERAH KHUSUS IBUKOTA JAKARTA,Jagung,0.0
DAERAH KHUSUS IBUKOTA JAKARTA,Kacang Hijau,0.0
DAERAH KHUSUS IBUKOTA JAKARTA,Kacang Tanah,0.0
DAERAH KHUSUS IBUKOTA JAKARTA,Kedelai,0.0
DAERAH KHUSUS IBUKOTA JAKARTA,Padi,15111.99
GORONTALO,Jagung,3096594.0
GORONTALO,Kacang Hijau,62.8
GORONTALO,Kacang Tanah,808.64
GORONTALO,Kedelai,10728.45
GORONTALO,Padi,1188449.23
JAMBI,Jagung,43056.0
JAMBI,Kacang Hijau,126.0
JAMBI,Kacang Tanah,9094.69
JAMBI,Kedelai,24791.39
JAMBI,Padi,1519270.07
JAWA BARAT,Jagung,2778474.0
JAWA BARAT,Kacang Hijau,27636.0
JAWA BARAT,Kacang Tanah,181415.68
JAWA BARAT,Kedelai,201320.1
JAWA BARAT,Padi,45330988.49
JAWA TENGAH,Jagung,11433469.0
JAWA TENGAH,Kacang Hijau,370546.7
JAWA TENGAH,Kacang Tanah,330467.41
JAWA TENGAH,Kedelai,309817.3
JAWA TENGAH,Padi,46439671.5
JAWA TIMUR,Jagung,22470576.0
JAWA TIMUR,Kacang Hijau,218616.9
JAWA TIMUR,Kacang Tanah,571397.9299999999
JAWA TIMUR,Kedelai,379753.72
JAWA TIMUR,Padi,48241738.22
KALIMANTAN BARAT,Jagung,292920.0
KALIMANTAN BARAT,Kacang Hijau,1817.9
KALIMANTAN BARAT,Kacang Tanah,3185.25
KALIMANTAN BARAT,Kedelai,538.0799999999999
KALIMANTAN BARAT,Padi,3686368.51
KALIMANTAN SELATAN,Jagung,661966.0
KALIMANTAN SELATAN,Kacang Hijau,671.4
KALIMANTAN SELATAN,Kacang Tanah,13511.82
KALIMANTAN SELATAN,Kedelai,13364.25
KALIMANTAN SELATAN,Padi,4891153.32
KALIMANTAN TENGAH,Jagung,172493.0
KALIMANTAN TENGAH,Kacang Hijau,103.37
KALIMANTAN TENGAH,Kacang Tanah,1306.17
KALIMANTAN TENGAH,Kedelai,412.03
KALIMANTAN TENGAH,Padi,1879988.17
KALIMANTAN TIMUR,Jagung,57368.0
KALIMANTAN TIMUR,Kacang Hijau,395.9
KALIMANTAN TIMUR,Kacang Tanah,3333.68
KALIMANTAN TIMUR,Kedelai,320.29
KALIMANTAN TIMUR,Padi,1223153.08
KALIMANTAN UTARA,Jagung,4328.0
KALIMANTAN UTARA,Kacang Hijau,99.0
KALIMANTAN UTARA,Kacang Tanah,427.1
KALIMANTAN UTARA,Kedelai,206.07
KALIMANTAN UTARA,Padi,147757.06
KEPULAUAN BANGKA BELITUNG,Jagung,845.0
KEPULAUAN BANGKA BELITUNG,Kacang Hijau,0.3
KEPULAUAN BANGKA BELITUNG,Kacang Tanah,1070.37
KEPULAUAN BANGKA BELITUNG,Kedelai,12.32
KEPULAUAN BANGKA BELITUNG,Padi,333204.32
KEPULAUAN RIAU,Jagung,62.6
KEPULAUAN RIAU,Kacang Hijau,0.5
KEPULAUAN RIAU,Kacang Tanah,298.41
KEPULAUAN RIAU,Kedelai,6.68
KEPULAUAN RIAU,Padi,1991.02
LAMPUNG,Jagung,5755544.0
LAMPUNG,Kacang Hijau,3470.5
LAMPUNG,Kacang Tanah,12902.22
LAMPUNG,Kedelai,19638.45
LAMPUNG,Padi,13373147.88
MALUKU,Jagung,60560.0
MALUKU,Kacang Hijau,491.0
MALUKU,Kacang Tanah,2249.0
MALUKU,Kedelai,357.0
MALUKU,Padi,490935.72
MALUKU UTARA,Jagung,33258.0
MALUKU UTARA,Kacang Hijau,2703.5
MALUKU UTARA,Kacang Tanah,6405.61
MALUKU UTARA,Kedelai,257.51
MALUKU UTARA,Padi,153816.8
NUSA TENGGARA BARAT,Jagung,5792461.0
NUSA TENGGARA BARAT,Kacang Hijau,85104.5
NUSA TENGGARA BARAT,Kacang Tanah,146215.55
NUSA TENGGARA BARAT,Kedelai,100844.14
NUSA TENGGARA BARAT,Padi,7181640.41
NUSA TENGGARA TIMUR,Jagung,1389424.0
NUSA TENGGARA TIMUR,Kacang Hijau,43048.6
NUSA TENGGARA TIMUR,Kacang Tanah,46736.55
NUSA TENGGARA TIMUR,Kedelai,15005.08
NUSA TENGGARA TIMUR,Padi,3687554.95
PAPUA,Jagung,49722.0
PAPUA,Kacang Hijau,1791.4
PAPUA,Kacang Tanah,2913.85
PAPUA,Kedelai,965.89
PAPUA,Padi,654595.97
PAPUA BARAT,Jagung,23364.0
PAPUA BARAT,Kacang Hijau,0.0
PAPUA BARAT,Kacang Tanah,178.0
PAPUA BARAT,Kedelai,23.0
PAPUA BARAT,Padi,118565.14
PAPUA BARAT DAYA,Jagung,2601.0
PAPUA BARAT DAYA,Kacang Hijau,5.0
PAPUA BARAT DAYA,Kacang Tanah,91.0
PAPUA BARAT DAYA,Kedelai,25.0
PAPUA BARAT DAYA,Padi,3385.64
PAPUA PEGUNUNGAN,Jagung,526.0
PAPUA PEGUNUNGAN,Kacang Hijau,0.0
PAPUA PEGUNUNGAN,Kacang Tanah,0.0
PAPUA PEGUNUNGAN,Kedelai,2.0
PAPUA PEGUNUNGAN,Padi,104.38
PAPUA SELATAN,Jagung,2167.0
PAPUA SELATAN,Kacang Hijau,41.0
PAPUA SELATAN,Kacang Tanah,351.0
PAPUA SELATAN,Kedelai,5.0
PAPUA SELATAN,Padi,401417.62
PAPUA TENGAH,Jagung,14118.0
PAPUA TENGAH,Kacang Hijau,4.0
PAPUA TENGAH,Kacang Tanah,200.0
PAPUA TENGAH,Kedelai,7.0
PAPUA TENGAH,Padi,15345.38
RIAU,Jagung,4044.0
RIAU,Kacang Hijau,649.7
RIAU,Kacang Tanah,2761.4300000000003
RIAU,Kedelai,4219.139999999999
RIAU,Padi,1102729.4
SULAWESI BARAT,Jagung,108788.0
SULAWESI BARAT,Kacang Hijau,555.0
SULAWESI BARAT,Kacang Tanah,598.0
SULAWESI BARAT,Kedelai,1175.0
SULAWESI BARAT,Padi,1619971.3
SULAWESI SELATAN,Jagung,5429357.0
SULAWESI SELATAN,Kacang Hijau,35763.5
SULAWESI SELATAN,Kacang Tanah,67094.11
SULAWESI SELATAN,Kedelai,34106.5
SULAWESI SELATAN,Padi,24854087.07
SULAWESI TENGAH,Jagung,383091.0
SULAWESI TENGAH,Kacang Hijau,1502.4
SULAWESI TENGAH,Kacang Tanah,10475.74
SULAWESI TENGAH,Kedelai,33680.34
SULAWESI TENGAH,Padi,3986974.11
SULAWESI TENGGARA,Jagung,404441.0
SULAWESI TENGGARA,Kacang Hijau,1942.5
SULAWESI TENGGARA,Kacang Tanah,13160.49
SULAWESI TENGGARA,Kedelai,16582.1
SULAWESI TENGGARA,Padi,2577003.93
SULAWESI UTARA,Jagung,655824.0
SULAWESI UTARA,Kacang Hijau,1166.0
SULAWESI UTARA,Kacang Tanah,10485.03
SULAWESI UTARA,Kedelai,40877.18
SULAWESI UTARA,Padi,1236822.83
SUMATERA BARAT,Jagung,2445828.0
SUMATERA BARAT,Kacang Hijau,1366.0
SUMATERA BARAT,Kacang Tanah,16800.2
SUMATERA BARAT,Kedelai,95.43
SUMATERA BARAT,Padi,6916947.58
SUMATERA SELATAN,Jagung,1612205.0
SUMATERA SELATAN,Kacang Hijau,336.0
SUMATERA SELATAN,Kacang Tanah,2623.0
SUMATERA SELATAN,Kedelai,1092.0
SUMATERA SELATAN,Padi,13812757.72
SUMATERA UTARA,Jagung,5764734.0
SUMATERA UTARA,Kacang Hijau,12843.4
SUMATERA UTARA,Kacang Tanah,29528.58
SUMATERA UTARA,Kedelai,42523.04
SUMATERA UTARA,Padi,10425576.17
