Provinsi,Tahun,Produksi,Komoditas
ACEH,2020,63951.0,Jagung
ACEH,2021,57836.0,Jagung
ACEH,2022,72242.0,Jagung
ACEH,2023,66364.0,Jagung
ACEH,2024,52249.0,Jagung
ACEH,2020,629.0,Kacang Hijau
ACEH,2021,327.9,Kacang Hijau
ACEH,2022,2043.81,Kacang Hijau
ACEH,2023,354.0,Kacang Hijau
ACEH,2024,334.0,Kacang Hijau
ACEH,2020,3089.07,Kacang Tanah
ACEH,2021,2738.89,Kacang Tanah
ACEH,2022,2043.81,Kacang Tanah
ACEH,2023,1835.0,Kacang Tanah
ACEH,2024,1629.0,Kacang Tanah
ACEH,2020,774.05,Kedelai
ACEH,2021,882.1,Kedelai
ACEH,2022,1501.89,Kedelai
ACEH,2023,11604.0,Kedelai
ACEH,2024,7101.0,Kedelai
ACEH,2020,1757313.07,Padi
ACEH,2021,1634639.6,Padi
ACEH,2022,1509456.46,Padi
ACEH,2023,1404234.82,Padi
ACEH,2024,1659966.28,Padi
BALI,2020,34995.0,Jagung
BALI,2021,50118.0,Jagung
BALI,2022,53206.0,Jagung
BALI,2023,46902.0,Jagung
BALI,2024,39055.0,Jagung
BALI,2020,231.7,Kacang Hijau
BALI,2021,221.5,Kacang Hijau
BALI,2022,192.7,Kacang Hijau
BALI,2023,52.0,Kacang Hijau
BALI,2024,47.0,Kacang Hijau
BALI,2020,5464.93,Kacang Tanah
BALI,2021,4978.91,Kacang Tanah
BALI,2022,5404.42,Kacang Tanah
BALI,2023,4429.0,Kacang Tanah
BALI,2024,4101.0,Kacang Tanah
BALI,2020,2339.08,Kedelai
BALI,2021,2956.49,Kedelai
BALI,2022,3249.74,Kedelai
BALI,2023,5158.0,Kedelai
BALI,2024,1605.0,Kedelai
BALI,2020,532168.45,Padi
BALI,2021,618910.81,Padi
BALI,2022,680601.6,Padi
BALI,2023,673580.65,Padi
BALI,2024,635473.35,Padi
BANTEN,2020,20350.0,Jagung
BANTEN,2021,9394.0,Jagung
BANTEN,2022,9603.0,Jagung
BANTEN,2023,14367.0,Jagung
BANTEN,2024,12677.0,Jagung
BANTEN,2020,400.5,Kacang Hijau
BANTEN,2021,292.4,Kacang Hijau
BANTEN,2022,226.7,Kacang Hijau
BANTEN,2023,180.0,Kacang Hijau
BANTEN,2024,581.0,Kacang Hijau
BANTEN,2020,4528.3,Kacang Tanah
BANTEN,2021,3804.86,Kacang Tanah
BANTEN,2022,4342.56,Kacang Tanah
BANTEN,2023,2403.0,Kacang Tanah
BANTEN,2024,2149.0,Kacang Tanah
BANTEN,2020,910.9,Kedelai
BANTEN,2021,386.02,Kedelai
BANTEN,2022,1849.25,Kedelai
BANTEN,2023,8073.0,Kedelai
BANTEN,2024,1591.0,Kedelai
BANTEN,2020,1655170.09,Padi
BANTEN,2021,1603247.0,Padi
BANTEN,2022,1788582.6,Padi
BANTEN,2023,1686483.29,Padi
BANTEN,2024,1550623.46,Padi
BENGKULU,2020,23416.0,Jagung
BENGKULU,2021,36935.0,Jagung
BENGKULU,2022,71756.0,Jagung
BENGKULU,2023,50421.0,Jagung
BENGKULU,2024,62877.0,Jagung
BENGKULU,2020,206.6,Kacang Hijau
BENGKULU,2021,159.2,Kacang Hijau
BENGKULU,2022,213.5,Kacang Hijau
BENGKULU,2023,206.0,Kacang Hijau
BENGKULU,2024,184.0,Kacang Hijau
BENGKULU,2020,1454.94,Kacang Tanah
BENGKULU,2021,1508.62,Kacang Tanah
BENGKULU,2022,1433.22,Kacang Tanah
BENGKULU,2023,1638.0,Kacang Tanah
BENGKULU,2024,1119.0,Kacang Tanah
BENGKULU,2020,15.8,Kedelai
BENGKULU,2021,6.46,Kedelai
BENGKULU,2022,3.21,Kedelai
BENGKULU,2023,999.0,Kedelai
BENGKULU,2024,908.0,Kedelai
BENGKULU,2020,292834.04,Padi
BENGKULU,2021,271117.19,Padi
BENGKULU,2022,281610.09,Padi
BENGKULU,2023,286684.43,Padi
BENGKULU,2024,272848.55,Padi
DAERAH ISTIMEWA YOGYAKARTA,2020,169431.0,Jagung
DAERAH ISTIMEWA YOGYAKARTA,2021,197155.0,Jagung
DAERAH ISTIMEWA YOGYAKARTA,2022,218046.0,Jagung
DAERAH ISTIMEWA YOGYAKARTA,2023,217546.0,Jagung
DAERAH ISTIMEWA YOGYAKARTA,2024,189378.0,Jagung
DAERAH ISTIMEWA YOGYAKARTA,2020,563.6,Kacang Hijau
DAERAH ISTIMEWA YOGYAKARTA,2021,556.1,Kacang Hijau
DAERAH ISTIMEWA YOGYAKARTA,2022,497.8,Kacang Hijau
DAERAH ISTIMEWA YOGYAKARTA,2023,495.0,Kacang Hijau
DAERAH ISTIMEWA YOGYAKARTA,2024,149.0,Kacang Hijau
DAERAH ISTIMEWA YOGYAKARTA,2020,66313.17,Kacang Tanah
DAERAH ISTIMEWA YOGYAKARTA,2021,68748.32,Kacang Tanah
DAERAH ISTIMEWA YOGYAKARTA,2022,64007.67,Kacang Tanah
DAERAH ISTIMEWA YOGYAKARTA,2023,68905.0,Kacang Tanah
DAERAH ISTIMEWA YOGYAKARTA,2024,44232.0,Kacang Tanah
DAERAH ISTIMEWA YOGYAKARTA,2020,8160.3,Kedelai
DAERAH ISTIMEWA YOGYAKARTA,2021,8150.64,Kedelai
DAERAH ISTIMEWA YOGYAKARTA,2022,7282.08,Kedelai
DAERAH ISTIMEWA YOGYAKARTA,2023,10103.0,Kedelai
DAERAH ISTIMEWA YOGYAKARTA,2024,3587.0,Kedelai
DAERAH ISTIMEWA YOGYAKARTA,2020,523395.95,Padi
DAERAH ISTIMEWA YOGYAKARTA,2021,556531.03,Padi
DAERAH ISTIMEWA YOGYAKARTA,2022,561699.53,Padi
DAERAH ISTIMEWA YOGYAKARTA,2023,534113.69,Padi
DAERAH ISTIMEWA YOGYAKARTA,2024,452831.77,Padi
DAERAH KHUSUS IBUKOTA JAKARTA,2020,0.0,Jagung
DAERAH KHUSUS IBUKOTA JAKARTA,2021,0.0,Jagung
DAERAH KHUSUS IBUKOTA JAKARTA,2022,0.0,Jagung
DAERAH KHUSUS IBUKOTA JAKARTA,2023,0.0,Jagung
DAERAH KHUSUS IBUKOTA JAKARTA,2024,0.0,Jagung
DAERAH KHUSUS IBUKOTA JAKARTA,2020,0.0,Kacang Hijau
DAERAH KHUSUS IBUKOTA JAKARTA,2021,0.0,Kacang Hijau
DAERAH KHUSUS IBUKOTA JAKARTA,2022,0.0,Kacang Hijau
DAERAH KHUSUS IBUKOTA JAKARTA,2023,0.0,Kacang Hijau
DAERAH KHUSUS IBUKOTA JAKARTA,2024,0.0,Kacang Hijau
DAERAH KHUSUS IBUKOTA JAKARTA,2020,0.0,Kacang Tanah
DAERAH KHUSUS IBUKOTA JAKARTA,2021,0.0,Kacang Tanah
DAERAH KHUSUS IBUKOTA JAKARTA,2022,0.0,Kacang Tanah
DAERAH KHUSUS IBUKOTA JAKARTA,2023,0.0,Kacang Tanah
DAERAH KHUSUS IBUKOTA JAKARTA,2024,0.0,Kacang Tanah
DAERAH KHUSUS IBUKOTA JAKARTA,2020,0.0,Kedelai
DAERAH KHUSUS IBUKOTA JAKARTA,2021,0.0,Kedelai
DAERAH KHUSUS IBUKOTA JAKARTA,2022,0.0,Kedelai
DAERAH KHUSUS IBUKOTA JAKARTA,2023,0.0,Kedelai
DAERAH KHUSUS IBUKOTA JAKARTA,2024,0.0,Kedelai
DAERAH KHUSUS IBUKOTA JAKARTA,2020,4543.93,Padi
DAERAH KHUSUS IBUKOTA JAKARTA,2021,3249.47,Padi
DAERAH KHUSUS IBUKOTA JAKARTA,2022,2337.77,Padi
DAERAH KHUSUS IBUKOTA JAKARTA,2023,2674.28,Padi
DAERAH KHUSUS IBUKOTA JAKARTA,2024,2306.54,Padi
GORONTALO,2020,580370.0,Jagung
GORONTALO,2021,669890.0,Jagung
GORONTALO,2022,692439.0,Jagung
GORONTALO,2023,527923.0,Jagung
GORONTALO,2024,625972.0,Jagung
GORONTALO,2020,9.0,Kacang Hijau
GORONTALO,2021,19.5,Kacang Hijau
GORONTALO,2022,14.3,Kacang Hijau
GORONTALO,2023,9.0,Kacang Hijau
GORONTALO,2024,11.0,Kacang Hijau
GORONTALO,2020,197.43,Kacang Tanah
GORONTALO,2021,156.46,Kacang Tanah
GORONTALO,2022,154.75,Kacang Tanah
GORONTALO,2023,187.0,Kacang Tanah
GORONTALO,2024,113.0,Kacang Tanah
GORONTALO,2020,1145.93,Kedelai
GORONTALO,2021,577.18,Kedelai
GORONTALO,2022,1549.34,Kedelai
GORONTALO,2023,2412.0,Kedelai
GORONTALO,2024,5044.0,Kedelai
GORONTALO,2020,227627.2,Padi
GORONTALO,2021,234392.86,Padi
GORONTALO,2022,240134.53,Padi
GORONTALO,2023,251431.76,Padi
GORONTALO,2024,234862.88,Padi
JAMBI,2020,7604.0,Jagung
JAMBI,2021,9719.0,Jagung
JAMBI,2022,10477.0,Jagung
JAMBI,2023,4725.0,Jagung
JAMBI,2024,10531.0,Jagung
JAMBI,2020,0.0,Kacang Hijau
JAMBI,2021,0.0,Kacang Hijau
JAMBI,2022,0.0,Kacang Hijau
JAMBI,2023,68.0,Kacang Hijau
JAMBI,2024,58.0,Kacang Hijau
JAMBI,2020,1631.67,Kacang Tanah
JAMBI,2021,1617.17,Kacang Tanah
JAMBI,2022,3181.85,Kacang Tanah
JAMBI,2023,1460.0,Kacang Tanah
JAMBI,2024,1204.0,Kacang Tanah
JAMBI,2020,8278.36,Kedelai
JAMBI,2021,6503.75,Kedelai
JAMBI,2022,4631.28,Kedelai
JAMBI,2023,4512.0,Kedelai
JAMBI,2024,866.0,Kedelai
JAMBI,2020,386413.49,Padi
JAMBI,2021,298149.25,Padi
JAMBI,2022,277743.83,Padi
JAMBI,2023,275941.45,Padi
JAMBI,2024,281022.05,Padi
JAWA BARAT,2020,418402.0,Jagung
JAWA BARAT,2021,491528.0,Jagung
JAWA BARAT,2022,727068.0,Jagung
JAWA BARAT,2023,577185.0,Jagung
JAWA BARAT,2024,564291.0,Jagung
JAWA BARAT,2020,8035.5,Kacang Hijau
JAWA BARAT,2021,6385.5,Kacang Hijau
JAWA BARAT,2022,5004.0,Kacang Hijau
JAWA BARAT,2023,4688.0,Kacang Hijau
JAWA BARAT,2024,3523.0,Kacang Hijau
JAWA BARAT,2020,41345.07,Kacang Tanah
JAWA BARAT,2021,39379.54,Kacang Tanah
JAWA BARAT,2022,42033.07,Kacang Tanah
JAWA BARAT,2023,31544.0,Kacang Tanah
JAWA BARAT,2024,27114.0,Kacang Tanah
JAWA BARAT,2020,90513.98,Kedelai
JAWA BARAT,2021,23094.6,Kedelai
JAWA BARAT,2022,36011.52,Kedelai
JAWA BARAT,2023,38546.0,Kedelai
JAWA BARAT,2024,13154.0,Kedelai
JAWA BARAT,2020,9016772.58,Padi
JAWA BARAT,2021,9113574.0,Padi
JAWA BARAT,2022,9433723.0,Padi
JAWA BARAT,2023,9140039.0,Padi
JAWA BARAT,2024,8626879.91,Padi
JAWA TENGAH,2020,2279146.0,Jagung
JAWA TENGAH,2021,2128959.0,Jagung
JAWA TENGAH,2022,2424371.0,Jagung
JAWA TENGAH,2023,2174484.0,Jagung
JAWA TENGAH,2024,2426509.0,Jagung
JAWA TENGAH,2020,87458.4,Kacang Hijau
JAWA TENGAH,2021,114226.4,Kacang Hijau
JAWA TENGAH,2022,32395.9,Kacang Hijau
JAWA TENGAH,2023,79277.0,Kacang Hijau
JAWA TENGAH,2024,57189.0,Kacang Hijau
JAWA TENGAH,2020,92021.87,Kacang Tanah
JAWA TENGAH,2021,69190.54,Kacang Tanah
JAWA TENGAH,2022,60954.0,Kacang Tanah
JAWA TENGAH,2023,58650.0,Kacang Tanah
JAWA TENGAH,2024,49651.0,Kacang Tanah
JAWA TENGAH,2020,43796.31,Kedelai
JAWA TENGAH,2021,51769.33,Kedelai
JAWA TENGAH,2022,62031.66,Kedelai
JAWA TENGAH,2023,81315.0,Kedelai
JAWA TENGAH,2024,70905.0,Kedelai
JAWA TENGAH,2020,9489164.62,Padi
JAWA TENGAH,2021,9618656.81,Padi
JAWA TENGAH,2022,9356445.49,Padi
JAWA TENGAH,2023,9084107.53,Padi
JAWA TENGAH,2024,8891297.05,Padi
JAWA TIMUR,2020,4134908.0,Jagung
JAWA TIMUR,2021,3991492.0,Jagung
JAWA TIMUR,2022,4952603.0,Jagung
JAWA TIMUR,2023,4795781.0,Jagung
JAWA TIMUR,2024,4595792.0,Jagung
JAWA TIMUR,2020,50797.7,Kacang Hijau
JAWA TIMUR,2021,53138.9,Kacang Hijau
JAWA TIMUR,2022,35997.3,Kacang Hijau
JAWA TIMUR,2023,49962.0,Kacang Hijau
JAWA TIMUR,2024,28721.0,Kacang Hijau
JAWA TIMUR,2020,129275.65,Kacang Tanah
JAWA TIMUR,2021,119517.79,Kacang Tanah
JAWA TIMUR,2022,119092.49,Kacang Tanah
JAWA TIMUR,2023,110331.0,Kacang Tanah
JAWA TIMUR,2024,93181.0,Kacang Tanah
JAWA TIMUR,2020,68385.5,Kedelai
JAWA TIMUR,2021,73746.15,Kedelai
JAWA TIMUR,2022,70759.07,Kedelai
JAWA TIMUR,2023,100006.0,Kedelai
JAWA TIMUR,2024,66857.0,Kedelai
JAWA TIMUR,2020,9944538.26,Padi
JAWA TIMUR,2021,9789587.67,Padi
JAWA TIMUR,2022,9526515.67,Padi
JAWA TIMUR,2023,9710661.33,Padi
JAWA TIMUR,2024,9270435.29,Padi
KALIMANTAN BARAT,2020,20284.0,Jagung
KALIMANTAN BARAT,2021,44252.0,Jagung
KALIMANTAN BARAT,2022,71717.0,Jagung
KALIMANTAN BARAT,2023,66248.0,Jagung
KALIMANTAN BARAT,2024,90419.0,Jagung
KALIMANTAN BARAT,2020,795.2,Kacang Hijau
KALIMANTAN BARAT,2021,288.7,Kacang Hijau
KALIMANTAN BARAT,2022,527.0,Kacang Hijau
KALIMANTAN BARAT,2023,51.0,Kacang Hijau
KALIMANTAN BARAT,2024,156.0,Kacang Hijau
KALIMANTAN BARAT,2020,885.67,Kacang Tanah
KALIMANTAN BARAT,2021,676.16,Kacang Tanah
KALIMANTAN BARAT,2022,602.42,Kacang Tanah
KALIMANTAN BARAT,2023,400.0,Kacang Tanah
KALIMANTAN BARAT,2024,621.0,Kacang Tanah
KALIMANTAN BARAT,2020,70.94,Kedelai
KALIMANTAN BARAT,2021,251.67,Kedelai
KALIMANTAN BARAT,2022,78.47,Kedelai
KALIMANTAN BARAT,2023,109.0,Kedelai
KALIMANTAN BARAT,2024,28.0,Kedelai
KALIMANTAN BARAT,2020,778170.36,Padi
KALIMANTAN BARAT,2021,711897.0,Padi
KALIMANTAN BARAT,2022,731226.0,Padi
KALIMANTAN BARAT,2023,700291.0,Padi
KALIMANTAN BARAT,2024,764784.15,Padi
KALIMANTAN SELATAN,2020,152797.0,Jagung
KALIMANTAN SELATAN,2021,135326.0,Jagung
KALIMANTAN SELATAN,2022,152255.0,Jagung
KALIMANTAN SELATAN,2023,112150.0,Jagung
KALIMANTAN SELATAN,2024,109438.0,Jagung
KALIMANTAN SELATAN,2020,323.5,Kacang Hijau
KALIMANTAN SELATAN,2021,147.0,Kacang Hijau
KALIMANTAN SELATAN,2022,83.9,Kacang Hijau
KALIMANTAN SELATAN,2023,37.0,Kacang Hijau
KALIMANTAN SELATAN,2024,80.0,Kacang Hijau
KALIMANTAN SELATAN,2020,3512.27,Kacang Tanah
KALIMANTAN SELATAN,2021,3257.86,Kacang Tanah
KALIMANTAN SELATAN,2022,2278.69,Kacang Tanah
KALIMANTAN SELATAN,2023,2123.0,Kacang Tanah
KALIMANTAN SELATAN,2024,2340.0,Kacang Tanah
KALIMANTAN SELATAN,2020,2295.29,Kedelai
KALIMANTAN SELATAN,2021,852.16,Kedelai
KALIMANTAN SELATAN,2022,6161.8,Kedelai
KALIMANTAN SELATAN,2023,3929.0,Kedelai
KALIMANTAN SELATAN,2024,126.0,Kedelai
KALIMANTAN SELATAN,2020,1150306.66,Padi
KALIMANTAN SELATAN,2021,1016314.0,Padi
KALIMANTAN SELATAN,2022,819419.0,Padi
KALIMANTAN SELATAN,2023,875545.73,Padi
KALIMANTAN SELATAN,2024,1029567.93,Padi
KALIMANTAN TENGAH,2020,30998.0,Jagung
KALIMANTAN TENGAH,2021,35440.0,Jagung
KALIMANTAN TENGAH,2022,35934.0,Jagung
KALIMANTAN TENGAH,2023,25483.0,Jagung
KALIMANTAN TENGAH,2024,44638.0,Jagung
KALIMANTAN TENGAH,2020,22.4,Kacang Hijau
KALIMANTAN TENGAH,2021,31.97,Kacang Hijau
KALIMANTAN TENGAH,2022,23.0,Kacang Hijau
KALIMANTAN TENGAH,2023,17.0,Kacang Hijau
KALIMANTAN TENGAH,2024,9.0,Kacang Hijau
KALIMANTAN TENGAH,2020,283.1,Kacang Tanah
KALIMANTAN TENGAH,2021,331.68,Kacang Tanah
KALIMANTAN TENGAH,2022,292.39,Kacang Tanah
KALIMANTAN TENGAH,2023,223.0,Kacang Tanah
KALIMANTAN TENGAH,2024,176.0,Kacang Tanah
KALIMANTAN TENGAH,2020,150.23,Kedelai
KALIMANTAN TENGAH,2021,31.97,Kedelai
KALIMANTAN TENGAH,2022,14.83,Kedelai
KALIMANTAN TENGAH,2023,181.0,Kedelai
KALIMANTAN TENGAH,2024,34.0,Kedelai
KALIMANTAN TENGAH,2020,457952.0,Padi
KALIMANTAN TENGAH,2021,381189.55,Padi
KALIMANTAN TENGAH,2022,343918.75,Padi
KALIMANTAN TENGAH,2023,330781.05,Padi
KALIMANTAN TENGAH,2024,366146.82,Padi
KALIMANTAN TIMUR,2020,10585.0,Jagung
KALIMANTAN TIMUR,2021,14555.0,Jagung
KALIMANTAN TIMUR,2022,17045.0,Jagung
KALIMANTAN TIMUR,2023,11228.0,Jagung
KALIMANTAN TIMUR,2024,3955.0,Jagung
KALIMANTAN TIMUR,2020,138.5,Kacang Hijau
KALIMANTAN TIMUR,2021,148.3,Kacang Hijau
KALIMANTAN TIMUR,2022,28.1,Kacang Hijau
KALIMANTAN TIMUR,2023,17.0,Kacang Hijau
KALIMANTAN TIMUR,2024,64.0,Kacang Hijau
KALIMANTAN TIMUR,2020,867.03,Kacang Tanah
KALIMANTAN TIMUR,2021,812.09,Kacang Tanah
KALIMANTAN TIMUR,2022,544.56,Kacang Tanah
KALIMANTAN TIMUR,2023,392.0,Kacang Tanah
KALIMANTAN TIMUR,2024,718.0,Kacang Tanah
KALIMANTAN TIMUR,2020,94.67,Kedelai
KALIMANTAN TIMUR,2021,114.52,Kedelai
KALIMANTAN TIMUR,2022,62.1,Kedelai
KALIMANTAN TIMUR,2023,31.0,Kedelai
KALIMANTAN TIMUR,2024,18.0,Kedelai
KALIMANTAN TIMUR,2020,262434.52,Padi
KALIMANTAN TIMUR,2021,244677.96,Padi
KALIMANTAN TIMUR,2022,239425.34,Padi
KALIMANTAN TIMUR,2023,226972.07,Padi
KALIMANTAN TIMUR,2024,249643.19,Padi
KALIMANTAN UTARA,2020,1169.0,Jagung
KALIMANTAN UTARA,2021,385.0,Jagung
KALIMANTAN UTARA,2022,860.0,Jagung
KALIMANTAN UTARA,2023,856.0,Jagung
KALIMANTAN UTARA,2024,1058.0,Jagung
KALIMANTAN UTARA,2020,15.2,Kacang Hijau
KALIMANTAN UTARA,2021,69.5,Kacang Hijau
KALIMANTAN UTARA,2022,1.3,Kacang Hijau
KALIMANTAN UTARA,2023,9.0,Kacang Hijau
KALIMANTAN UTARA,2024,4.0,Kacang Hijau
KALIMANTAN UTARA,2020,103.96,Kacang Tanah
KALIMANTAN UTARA,2021,124.32,Kacang Tanah
KALIMANTAN UTARA,2022,73.82,Kacang Tanah
KALIMANTAN UTARA,2023,76.0,Kacang Tanah
KALIMANTAN UTARA,2024,49.0,Kacang Tanah
KALIMANTAN UTARA,2020,1.44,Kedelai
KALIMANTAN UTARA,2021,4.63,Kedelai
KALIMANTAN UTARA,2022,0.0,Kedelai
KALIMANTAN UTARA,2023,200.0,Kedelai
KALIMANTAN UTARA,2024,0.0,Kedelai
KALIMANTAN UTARA,2020,33574.28,Padi
KALIMANTAN UTARA,2021,29967.31,Padi
KALIMANTAN UTARA,2022,30533.59,Padi
KALIMANTAN UTARA,2023,23602.11,Padi
KALIMANTAN UTARA,2024,30079.77,Padi
KEPULAUAN BANGKA BELITUNG,2020,127.0,Jagung
KEPULAUAN BANGKA BELITUNG,2021,349.0,Jagung
KEPULAUAN BANGKA BELITUNG,2022,258.0,Jagung
KEPULAUAN BANGKA BELITUNG,2023,111.0,Jagung
KEPULAUAN BANGKA BELITUNG,2024,0.0,Jagung
KEPULAUAN BANGKA BELITUNG,2020,0.0,Kacang Hijau
KEPULAUAN BANGKA BELITUNG,2021,0.0,Kacang Hijau
KEPULAUAN BANGKA BELITUNG,2022,0.3,Kacang Hijau
KEPULAUAN BANGKA BELITUNG,2023,0.0,Kacang Hijau
KEPULAUAN BANGKA BELITUNG,2024,0.0,Kacang Hijau
KEPULAUAN BANGKA BELITUNG,2020,183.2,Kacang Tanah
KEPULAUAN BANGKA BELITUNG,2021,230.35,Kacang Tanah
KEPULAUAN BANGKA BELITUNG,2022,244.82,Kacang Tanah
KEPULAUAN BANGKA BELITUNG,2023,222.0,Kacang Tanah
KEPULAUAN BANGKA BELITUNG,2024,190.0,Kacang Tanah
KEPULAUAN BANGKA BELITUNG,2020,0.0,Kedelai
KEPULAUAN BANGKA BELITUNG,2021,7.79,Kedelai
KEPULAUAN BANGKA BELITUNG,2022,4.53,Kedelai
KEPULAUAN BANGKA BELITUNG,2023,0.0,Kedelai
KEPULAUAN BANGKA BELITUNG,2024,0.0,Kedelai
KEPULAUAN BANGKA BELITUNG,2020,57324.32,Padi
KEPULAUAN BANGKA BELITUNG,2021,70496.25,Padi
KEPULAUAN BANGKA BELITUNG,2022,61425.07,Padi
KEPULAUAN BANGKA BELITUNG,2023,66468.89,Padi
KEPULAUAN BANGKA BELITUNG,2024,77489.79,Padi
KEPULAUAN RIAU,2020,15.2,Jagung
KEPULAUAN RIAU,2021,12.8,Jagung
KEPULAUAN RIAU,2022,12.6,Jagung
KEPULAUAN RIAU,2023,10.0,Jagung
KEPULAUAN RIAU,2024,12.0,Jagung
KEPULAUAN RIAU,2020,0.5,Kacang Hijau
KEPULAUAN RIAU,2021,0.0,Kacang Hijau
KEPULAUAN RIAU,2022,0.0,Kacang Hijau
KEPULAUAN RIAU,2023,0.0,Kacang Hijau
KEPULAUAN RIAU,2024,0.0,Kacang Hijau
KEPULAUAN RIAU,2020,66.29,Kacang Tanah
KEPULAUAN RIAU,2021,58.11,Kacang Tanah
KEPULAUAN RIAU,2022,38.01,Kacang Tanah
KEPULAUAN RIAU,2023,81.0,Kacang Tanah
KEPULAUAN RIAU,2024,55.0,Kacang Tanah
KEPULAUAN RIAU,2020,0.0,Kedelai
KEPULAUAN RIAU,2021,0.36,Kedelai
KEPULAUAN RIAU,2022,0.32,Kedelai
KEPULAUAN RIAU,2023,5.0,Kedelai
KEPULAUAN RIAU,2024,1.0,Kedelai
KEPULAUAN RIAU,2021,855.01,Padi
KEPULAUAN RIAU,2022,506.91,Padi
KEPULAUAN RIAU,2023,324.01,Padi
KEPULAUAN RIAU,2024,305.09,Padi
LAMPUNG,2020,971957.0,Jagung
LAMPUNG,2021,1129112.0,Jagung
LAMPUNG,2022,1443096.0,Jagung
LAMPUNG,2023,1103640.0,Jagung
LAMPUNG,2024,1107739.0,Jagung
LAMPUNG,2020,728.7,Kacang Hijau
LAMPUNG,2021,1251.8,Kacang Hijau
LAMPUNG,2022,817.0,Kacang Hijau
LAMPUNG,2023,443.0,Kacang Hijau
LAMPUNG,2024,230.0,Kacang Hijau
LAMPUNG,2020,4142.52,Kacang Tanah
LAMPUNG,2021,3217.97,Kacang Tanah
LAMPUNG,2022,2382.73,Kacang Tanah
LAMPUNG,2023,1750.0,Kacang Tanah
LAMPUNG,2024,1409.0,Kacang Tanah
LAMPUNG,2020,2496.78,Kedelai
LAMPUNG,2021,1922.91,Kedelai
LAMPUNG,2022,2109.76,Kedelai
LAMPUNG,2023,7412.0,Kedelai
LAMPUNG,2024,5697.0,Kedelai
LAMPUNG,2020,2650289.64,Padi
LAMPUNG,2021,2485452.78,Padi
LAMPUNG,2022,2688159.74,Padi
LAMPUNG,2023,2757898.19,Padi
LAMPUNG,2024,2791347.53,Padi
MALUKU,2020,14935.0,Jagung
MALUKU,2021,14692.0,Jagung
MALUKU,2022,15687.0,Jagung
MALUKU,2023,7663.0,Jagung
MALUKU,2024,7583.0,Jagung
MALUKU,2020,0.0,Kacang Hijau
MALUKU,2021,0.0,Kacang Hijau
MALUKU,2022,0.0,Kacang Hijau
MALUKU,2023,105.0,Kacang Hijau
MALUKU,2024,386.0,Kacang Hijau
MALUKU,2020,0.0,Kacang Tanah
MALUKU,2021,0.0,Kacang Tanah
MALUKU,2022,0.0,Kacang Tanah
MALUKU,2023,786.0,Kacang Tanah
MALUKU,2024,1463.0,Kacang Tanah
MALUKU,2020,0.0,Kedelai
MALUKU,2021,0.0,Kedelai
MALUKU,2022,0.0,Kedelai
MALUKU,2023,135.0,Kedelai
MALUKU,2024,222.0,Kedelai
MALUKU,2020,110447.3,Padi
MALUKU,2021,116803.67,Padi
MALUKU,2022,92601.06,Padi
MALUKU,2023,79958.34,Padi
MALUKU,2024,91125.35,Padi
MALUKU UTARA,2020,3816.0,Jagung
MALUKU UTARA,2021,10329.0,Jagung
MALUKU UTARA,2022,7712.0,Jagung
MALUKU UTARA,2023,6871.0,Jagung
MALUKU UTARA,2024,4530.0,Jagung
MALUKU UTARA,2020,258.5,Kacang Hijau
MALUKU UTARA,2021,616.0,Kacang Hijau
MALUKU UTARA,2022,1469.0,Kacang Hijau
MALUKU UTARA,2023,27.0,Kacang Hijau
MALUKU UTARA,2024,333.0,Kacang Hijau
MALUKU UTARA,2020,1717.59,Kacang Tanah
MALUKU UTARA,2021,1445.9,Kacang Tanah
MALUKU UTARA,2022,1735.12,Kacang Tanah
MALUKU UTARA,2023,304.0,Kacang Tanah
MALUKU UTARA,2024,1203.0,Kacang Tanah
MALUKU UTARA,2020,65.86,Kedelai
MALUKU UTARA,2021,22.09,Kedelai
MALUKU UTARA,2022,103.56,Kedelai
MALUKU UTARA,2023,8.0,Kedelai
MALUKU UTARA,2024,58.0,Kedelai
MALUKU UTARA,2020,43382.85,Padi
MALUKU UTARA,2021,28052.0,Padi
MALUKU UTARA,2022,24486.0,Padi
MALUKU UTARA,2023,26663.0,Padi
MALUKU UTARA,2024,31232.95,Padi
NUSA TENGGARA BARAT,2020,860495.0,Jagung
NUSA TENGGARA BARAT,2021,1019225.0,Jagung
NUSA TENGGARA BARAT,2022,1421922.0,Jagung
NUSA TENGGARA BARAT,2023,1281035.0,Jagung
NUSA TENGGARA BARAT,2024,1209784.0,Jagung
NUSA TENGGARA BARAT,2020,20041.9,Kacang Hijau
NUSA TENGGARA BARAT,2021,23543.7,Kacang Hijau
NUSA TENGGARA BARAT,2022,19626.9,Kacang Hijau
NUSA TENGGARA BARAT,2023,14847.0,Kacang Hijau
NUSA TENGGARA BARAT,2024,7045.0,Kacang Hijau
NUSA TENGGARA BARAT,2020,33581.86,Kacang Tanah
NUSA TENGGARA BARAT,2021,40233.18,Kacang Tanah
NUSA TENGGARA BARAT,2022,24605.51,Kacang Tanah
NUSA TENGGARA BARAT,2023,26539.0,Kacang Tanah
NUSA TENGGARA BARAT,2024,21256.0,Kacang Tanah
NUSA TENGGARA BARAT,2020,32414.86,Kedelai
NUSA TENGGARA BARAT,2021,19412.12,Kedelai
NUSA TENGGARA BARAT,2022,8459.16,Kedelai
NUSA TENGGARA BARAT,2023,30494.0,Kedelai
NUSA TENGGARA BARAT,2024,10064.0,Kedelai
NUSA TENGGARA BARAT,2020,1317189.81,Padi
NUSA TENGGARA BARAT,2021,1419559.84,Padi
NUSA TENGGARA BARAT,2022,1452945.47,Padi
NUSA TENGGARA BARAT,2023,1538536.92,Padi
NUSA TENGGARA BARAT,2024,1453408.37,Padi
NUSA TENGGARA TIMUR,2020,255453.0,Jagung
NUSA TENGGARA TIMUR,2021,285345.0,Jagung
NUSA TENGGARA TIMUR,2022,293719.0,Jagung
NUSA TENGGARA TIMUR,2023,261855.0,Jagung
NUSA TENGGARA TIMUR,2024,293052.0,Jagung
NUSA TENGGARA TIMUR,2020,10565.1,Kacang Hijau
NUSA TENGGARA TIMUR,2021,8970.8,Kacang Hijau
NUSA TENGGARA TIMUR,2022,9319.7,Kacang Hijau
NUSA TENGGARA TIMUR,2023,6377.0,Kacang Hijau
NUSA TENGGARA TIMUR,2024,7816.0,Kacang Hijau
NUSA TENGGARA TIMUR,2020,9296.58,Kacang Tanah
NUSA TENGGARA TIMUR,2021,12476.01,Kacang Tanah
NUSA TENGGARA TIMUR,2022,11303.96,Kacang Tanah
NUSA TENGGARA TIMUR,2023,7681.0,Kacang Tanah
NUSA TENGGARA TIMUR,2024,5979.0,Kacang Tanah
NUSA TENGGARA TIMUR,2020,2068.9,Kedelai
NUSA TENGGARA TIMUR,2021,2292.52,Kedelai
NUSA TENGGARA TIMUR,2022,1013.66,Kedelai
NUSA TENGGARA TIMUR,2023,2503.0,Kedelai
NUSA TENGGARA TIMUR,2024,7127.0,Kedelai
NUSA TENGGARA TIMUR,2020,725024.3,Padi
NUSA TENGGARA TIMUR,2021,731877.74,Padi
NUSA TENGGARA TIMUR,2022,756049.91,Padi
NUSA TENGGARA TIMUR,2023,766810.46,Padi
NUSA TENGGARA TIMUR,2024,707792.54,Padi
PAPUA,2020,11120.0,Jagung
PAPUA,2021,16120.0,Jagung
PAPUA,2022,15140.0,Jagung
PAPUA,2023,3429.0,Jagung
PAPUA,2024,3913.0,Jagung
PAPUA,2020,124.7,Kacang Hijau
PAPUA,2021,145.9,Kacang Hijau
PAPUA,2022,1495.8,Kacang Hijau
PAPUA,2023,0.0,Kacang Hijau
PAPUA,2024,25.0,Kacang Hijau
PAPUA,2020,1195.85,Kacang Tanah
PAPUA,2021,466.0,Kacang Tanah
PAPUA,2022,1021.0,Kacang Tanah
PAPUA,2023,0.0,Kacang Tanah
PAPUA,2024,231.0,Kacang Tanah
PAPUA,2020,670.77,Kedelai
PAPUA,2021,70.46,Kedelai
PAPUA,2022,146.66,Kedelai
PAPUA,2023,75.0,Kedelai
PAPUA,2024,3.0,Kedelai
PAPUA,2020,166002.3,Padi
PAPUA,2021,286279.8,Padi
PAPUA,2022,193943.47,Padi
PAPUA,2023,3760.45,Padi
PAPUA,2024,4609.95,Padi
PAPUA BARAT,2020,5099.0,Jagung
PAPUA BARAT,2021,4753.0,Jagung
PAPUA BARAT,2022,6481.0,Jagung
PAPUA BARAT,2023,3311.0,Jagung
PAPUA BARAT,2024,3720.0,Jagung
PAPUA BARAT,2020,0.0,Kacang Hijau
PAPUA BARAT,2021,0.0,Kacang Hijau
PAPUA BARAT,2022,0.0,Kacang Hijau
PAPUA BARAT,2023,0.0,Kacang Hijau
PAPUA BARAT,2024,0.0,Kacang Hijau
PAPUA BARAT,2020,0.0,Kacang Tanah
PAPUA BARAT,2021,0.0,Kacang Tanah
PAPUA BARAT,2022,0.0,Kacang Tanah
PAPUA BARAT,2023,166.0,Kacang Tanah
PAPUA BARAT,2024,12.0,Kacang Tanah
PAPUA BARAT,2020,0.0,Kedelai
PAPUA BARAT,2021,0.0,Kedelai
PAPUA BARAT,2022,0.0,Kedelai
PAPUA BARAT,2023,13.0,Kedelai
PAPUA BARAT,2024,10.0,Kedelai
PAPUA BARAT,2020,24378.33,Padi
PAPUA BARAT,2021,26926.93,Padi
PAPUA BARAT,2022,23963.92,Padi
PAPUA BARAT,2023,22566.81,Padi
PAPUA BARAT,2024,20729.15,Padi
PAPUA BARAT DAYA,2020,0.0,Jagung
PAPUA BARAT DAYA,2021,0.0,Jagung
PAPUA BARAT DAYA,2022,0.0,Jagung
PAPUA BARAT DAYA,2023,1412.0,Jagung
PAPUA BARAT DAYA,2024,1189.0,Jagung
PAPUA BARAT DAYA,2020,0.0,Kacang Hijau
PAPUA BARAT DAYA,2021,0.0,Kacang Hijau
PAPUA BARAT DAYA,2022,0.0,Kacang Hijau
PAPUA BARAT DAYA,2023,0.0,Kacang Hijau
PAPUA BARAT DAYA,2024,5.0,Kacang Hijau
PAPUA BARAT DAYA,2020,0.0,Kacang Tanah
PAPUA BARAT DAYA,2021,0.0,Kacang Tanah
PAPUA BARAT DAYA,2022,0.0,Kacang Tanah
PAPUA BARAT DAYA,2023,0.0,Kacang Tanah
PAPUA BARAT DAYA,2024,91.0,Kacang Tanah
PAPUA BARAT DAYA,2020,0.0,Kedelai
PAPUA BARAT DAYA,2021,0.0,Kedelai
PAPUA BARAT DAYA,2022,0.0,Kedelai
PAPUA BARAT DAYA,2023,0.0,Kedelai
PAPUA BARAT DAYA,2024,25.0,Kedelai
PAPUA BARAT DAYA,2021,0.0,Padi
PAPUA BARAT DAYA,2022,0.0,Padi
PAPUA BARAT DAYA,2023,2397.0,Padi
PAPUA BARAT DAYA,2024,988.64,Padi
PAPUA PEGUNUNGAN,2020,0.0,Jagung
PAPUA PEGUNUNGAN,2021,0.0,Jagung
PAPUA PEGUNUNGAN,2022,0.0,Jagung
PAPUA PEGUNUNGAN,2023,279.0,Jagung
PAPUA PEGUNUNGAN,2024,247.0,Jagung
PAPUA PEGUNUNGAN,2020,0.0,Kacang Hijau
PAPUA PEGUNUNGAN,2021,0.0,Kacang Hijau
PAPUA PEGUNUNGAN,2022,0.0,Kacang Hijau
PAPUA PEGUNUNGAN,2023,0.0,Kacang Hijau
PAPUA PEGUNUNGAN,2024,0.0,Kacang Hijau
PAPUA PEGUNUNGAN,2020,0.0,Kacang Tanah
PAPUA PEGUNUNGAN,2021,0.0,Kacang Tanah
PAPUA PEGUNUNGAN,2022,0.0,Kacang Tanah
PAPUA PEGUNUNGAN,2023,0.0,Kacang Tanah
PAPUA PEGUNUNGAN,2024,0.0,Kacang Tanah
PAPUA PEGUNUNGAN,2020,0.0,Kedelai
PAPUA PEGUNUNGAN,2021,0.0,Kedelai
PAPUA PEGUNUNGAN,2022,0.0,Kedelai
PAPUA PEGUNUNGAN,2023,0.0,Kedelai
PAPUA PEGUNUNGAN,2024,2.0,Kedelai
PAPUA PEGUNUNGAN,2021,0.0,Padi
PAPUA PEGUNUNGAN,2022,0.0,Padi
PAPUA PEGUNUNGAN,2023,62.0,Padi
PAPUA PEGUNUNGAN,2024,42.38,Padi
PAPUA SELATAN,2020,0.0,Jagung
PAPUA SELATAN,2021,0.0,Jagung
PAPUA SELATAN,2022,0.0,Jagung
PAPUA SELATAN,2023,69.0,Jagung
PAPUA SELATAN,2024,2098.0,Jagung
PAPUA SELATAN,2020,0.0,Kacang Hijau
PAPUA SELATAN,2021,0.0,Kacang Hijau
PAPUA SELATAN,2022,0.0,Kacang Hijau
PAPUA SELATAN,2023,0.0,Kacang Hijau
PAPUA SELATAN,2024,41.0,Kacang Hijau
PAPUA SELATAN,2020,0.0,Kacang Tanah
PAPUA SELATAN,2021,0.0,Kacang Tanah
PAPUA SELATAN,2022,0.0,Kacang Tanah
PAPUA SELATAN,2023,0.0,Kacang Tanah
PAPUA SELATAN,2024,351.0,Kacang Tanah
PAPUA SELATAN,2020,0.0,Kedelai
PAPUA SELATAN,2021,0.0,Kedelai
PAPUA SELATAN,2022,0.0,Kedelai
PAPUA SELATAN,2023,0.0,Kedelai
PAPUA SELATAN,2024,5.0,Kedelai
PAPUA SELATAN,2021,0.0,Padi
PAPUA SELATAN,2022,0.0,Padi
PAPUA SELATAN,2023,183628.0,Padi
PAPUA SELATAN,2024,217789.62,Padi
PAPUA TENGAH,2020,0.0,Jagung
PAPUA TENGAH,2021,0.0,Jagung
PAPUA TENGAH,2022,0.0,Jagung
PAPUA TENGAH,2023,9082.0,Jagung
PAPUA TENGAH,2024,5036.0,Jagung
PAPUA TENGAH,2020,0.0,Kacang Hijau
PAPUA TENGAH,2021,0.0,Kacang Hijau
PAPUA TENGAH,2022,0.0,Kacang Hijau
PAPUA TENGAH,2023,0.0,Kacang Hijau
PAPUA TENGAH,2024,4.0,Kacang Hijau
PAPUA TENGAH,2020,0.0,Kacang Tanah
PAPUA TENGAH,2021,0.0,Kacang Tanah
PAPUA TENGAH,2022,0.0,Kacang Tanah
PAPUA TENGAH,2023,0.0,Kacang Tanah
PAPUA TENGAH,2024,200.0,Kacang Tanah
PAPUA TENGAH,2020,0.0,Kedelai
PAPUA TENGAH,2021,0.0,Kedelai
PAPUA TENGAH,2022,0.0,Kedelai
PAPUA TENGAH,2023,0.0,Kedelai
PAPUA TENGAH,2024,7.0,Kedelai
PAPUA TENGAH,2021,0.0,Padi
PAPUA TENGAH,2022,0.0,Padi
PAPUA TENGAH,2023,9273.0,Padi
PAPUA TENGAH,2024,6072.38,Padi
RIAU,2020,473.0,Jagung
RIAU,2021,990.0,Jagung
RIAU,2022,753.0,Jagung
RIAU,2023,689.0,Jagung
RIAU,2024,1139.0,Jagung
RIAU,2020,180.2,Kacang Hijau
RIAU,2021,212.0,Kacang Hijau
RIAU,2022,57.5,Kacang Hijau
RIAU,2023,127.0,Kacang Hijau
RIAU,2024,73.0,Kacang Hijau
RIAU,2020,549.85,Kacang Tanah
RIAU,2021,612.0,Kacang Tanah
RIAU,2022,697.58,Kacang Tanah
RIAU,2023,418.0,Kacang Tanah
RIAU,2024,484.0,Kacang Tanah
RIAU,2020,2600.22,Kedelai
RIAU,2021,540.73,Kedelai
RIAU,2022,495.19,Kedelai
RIAU,2023,364.0,Kedelai
RIAU,2024,219.0,Kedelai
RIAU,2020,243685.04,Padi
RIAU,2021,217458.87,Padi
RIAU,2022,213557.23,Padi
RIAU,2023,205972.55,Padi
RIAU,2024,222055.71,Padi
SULAWESI BARAT,2020,11240.0,Jagung
SULAWESI BARAT,2021,7967.0,Jagung
SULAWESI BARAT,2022,30187.0,Jagung
SULAWESI BARAT,2023,29098.0,Jagung
SULAWESI BARAT,2024,30296.0,Jagung
SULAWESI BARAT,2020,0.0,Kacang Hijau
SULAWESI BARAT,2021,0.0,Kacang Hijau
SULAWESI BARAT,2022,0.0,Kacang Hijau
SULAWESI BARAT,2023,245.0,Kacang Hijau
SULAWESI BARAT,2024,310.0,Kacang Hijau
SULAWESI BARAT,2020,0.0,Kacang Tanah
SULAWESI BARAT,2021,0.0,Kacang Tanah
SULAWESI BARAT,2022,0.0,Kacang Tanah
SULAWESI BARAT,2023,274.0,Kacang Tanah
SULAWESI BARAT,2024,324.0,Kacang Tanah
SULAWESI BARAT,2020,0.0,Kedelai
SULAWESI BARAT,2021,0.0,Kedelai
SULAWESI BARAT,2022,0.0,Kedelai
SULAWESI BARAT,2023,65.0,Kedelai
SULAWESI BARAT,2024,1110.0,Kedelai
SULAWESI BARAT,2020,345050.37,Padi
SULAWESI BARAT,2021,311072.46,Padi
SULAWESI BARAT,2022,353513.29,Padi
SULAWESI BARAT,2023,291458.59,Padi
SULAWESI BARAT,2024,318876.59,Padi
SULAWESI SELATAN,2020,1086933.0,Jagung
SULAWESI SELATAN,2021,1033341.0,Jagung
SULAWESI SELATAN,2022,1152063.0,Jagung
SULAWESI SELATAN,2023,1025516.0,Jagung
SULAWESI SELATAN,2024,1131504.0,Jagung
SULAWESI SELATAN,2020,13588.8,Kacang Hijau
SULAWESI SELATAN,2021,8866.3,Kacang Hijau
SULAWESI SELATAN,2022,3983.4,Kacang Hijau
SULAWESI SELATAN,2023,5099.0,Kacang Hijau
SULAWESI SELATAN,2024,4226.0,Kacang Hijau
SULAWESI SELATAN,2020,16967.92,Kacang Tanah
SULAWESI SELATAN,2021,13028.95,Kacang Tanah
SULAWESI SELATAN,2022,12905.24,Kacang Tanah
SULAWESI SELATAN,2023,10515.0,Kacang Tanah
SULAWESI SELATAN,2024,13677.0,Kacang Tanah
SULAWESI SELATAN,2020,13588.8,Kedelai
SULAWESI SELATAN,2021,8866.3,Kedelai
SULAWESI SELATAN,2022,3983.4,Kedelai
SULAWESI SELATAN,2023,4025.0,Kedelai
SULAWESI SELATAN,2024,3643.0,Kedelai
SULAWESI SELATAN,2020,4708464.97,Padi
SULAWESI SELATAN,2021,5090637.23,Padi
SULAWESI SELATAN,2022,5360169.37,Padi
SULAWESI SELATAN,2023,4876386.11,Padi
SULAWESI SELATAN,2024,4818429.39,Padi
SULAWESI TENGAH,2020,65596.0,Jagung
SULAWESI TENGAH,2021,63515.0,Jagung
SULAWESI TENGAH,2022,96200.0,Jagung
SULAWESI TENGAH,2023,72982.0,Jagung
SULAWESI TENGAH,2024,84798.0,Jagung
SULAWESI TENGAH,2020,481.0,Kacang Hijau
SULAWESI TENGAH,2021,360.0,Kacang Hijau
SULAWESI TENGAH,2022,224.4,Kacang Hijau
SULAWESI TENGAH,2023,282.0,Kacang Hijau
SULAWESI TENGAH,2024,155.0,Kacang Hijau
SULAWESI TENGAH,2020,2201.24,Kacang Tanah
SULAWESI TENGAH,2021,2879.41,Kacang Tanah
SULAWESI TENGAH,2022,1805.09,Kacang Tanah
SULAWESI TENGAH,2023,1831.0,Kacang Tanah
SULAWESI TENGAH,2024,1759.0,Kacang Tanah
SULAWESI TENGAH,2020,3333.91,Kedelai
SULAWESI TENGAH,2021,4229.68,Kedelai
SULAWESI TENGAH,2022,10213.75,Kedelai
SULAWESI TENGAH,2023,9317.0,Kedelai
SULAWESI TENGAH,2024,6586.0,Kedelai
SULAWESI TENGAH,2020,792248.84,Padi
SULAWESI TENGAH,2021,867012.77,Padi
SULAWESI TENGAH,2022,744408.7,Padi
SULAWESI TENGAH,2023,821367.41,Padi
SULAWESI TENGAH,2024,761936.39,Padi
SULAWESI TENGGARA,2020,98972.0,Jagung
SULAWESI TENGGARA,2021,78350.0,Jagung
SULAWESI TENGGARA,2022,78163.0,Jagung
SULAWESI TENGGARA,2023,69512.0,Jagung
SULAWESI TENGGARA,2024,79444.0,Jagung
SULAWESI TENGGARA,2020,804.4,Kacang Hijau
SULAWESI TENGGARA,2021,296.0,Kacang Hijau
SULAWESI TENGGARA,2022,215.1,Kacang Hijau
SULAWESI TENGGARA,2023,314.0,Kacang Hijau
SULAWESI TENGGARA,2024,313.0,Kacang Hijau
SULAWESI TENGGARA,2020,3433.41,Kacang Tanah
SULAWESI TENGGARA,2021,3104.26,Kacang Tanah
SULAWESI TENGGARA,2022,2401.82,Kacang Tanah
SULAWESI TENGGARA,2023,1745.0,Kacang Tanah
SULAWESI TENGGARA,2024,2476.0,Kacang Tanah
SULAWESI TENGGARA,2020,821.25,Kedelai
SULAWESI TENGGARA,2021,573.98,Kedelai
SULAWESI TENGGARA,2022,11052.87,Kedelai
SULAWESI TENGGARA,2023,3549.0,Kedelai
SULAWESI TENGGARA,2024,585.0,Kedelai
SULAWESI TENGGARA,2020,532773.49,Padi
SULAWESI TENGGARA,2021,530029.08,Padi
SULAWESI TENGGARA,2022,478958.03,Padi
SULAWESI TENGGARA,2023,479407.25,Padi
SULAWESI TENGGARA,2024,555836.08,Padi
SULAWESI UTARA,2020,174418.0,Jagung
SULAWESI UTARA,2021,166580.0,Jagung
SULAWESI UTARA,2022,119008.0,Jagung
SULAWESI UTARA,2023,83046.0,Jagung
SULAWESI UTARA,2024,112772.0,Jagung
SULAWESI UTARA,2020,185.5,Kacang Hijau
SULAWESI UTARA,2021,325.1,Kacang Hijau
SULAWESI UTARA,2022,291.4,Kacang Hijau
SULAWESI UTARA,2023,166.0,Kacang Hijau
SULAWESI UTARA,2024,198.0,Kacang Hijau
SULAWESI UTARA,2020,2199.33,Kacang Tanah
SULAWESI UTARA,2021,2545.22,Kacang Tanah
SULAWESI UTARA,2022,2314.48,Kacang Tanah
SULAWESI UTARA,2023,1484.0,Kacang Tanah
SULAWESI UTARA,2024,1942.0,Kacang Tanah
SULAWESI UTARA,2020,20734.51,Kedelai
SULAWESI UTARA,2021,1922.91,Kedelai
SULAWESI UTARA,2022,2109.76,Kedelai
SULAWESI UTARA,2023,7729.0,Kedelai
SULAWESI UTARA,2024,8381.0,Kedelai
SULAWESI UTARA,2020,248879.48,Padi
SULAWESI UTARA,2021,232885.0,Padi
SULAWESI UTARA,2022,243730.0,Padi
SULAWESI UTARA,2023,238193.41,Padi
SULAWESI UTARA,2024,273134.94,Padi
SUMATERA BARAT,2020,425025.0,Jagung
SUMATERA BARAT,2021,437814.0,Jagung
SUMATERA BARAT,2022,569450.0,Jagung
SUMATERA BARAT,2023,495223.0,Jagung
SUMATERA BARAT,2024,518316.0,Jagung
SUMATERA BARAT,2020,270.8,Kacang Hijau
SUMATERA BARAT,2021,319.7,Kacang Hijau
SUMATERA BARAT,2022,386.5,Kacang Hijau
SUMATERA BARAT,2023,251.0,Kacang Hijau
SUMATERA BARAT,2024,138.0,Kacang Hijau
SUMATERA BARAT,2020,3946.59,Kacang Tanah
SUMATERA BARAT,2021,3498.74,Kacang Tanah
SUMATERA BARAT,2022,3077.87,Kacang Tanah
SUMATERA BARAT,2023,2915.0,Kacang Tanah
SUMATERA BARAT,2024,3362.0,Kacang Tanah
SUMATERA BARAT,2020,48.05,Kedelai
SUMATERA BARAT,2021,7.15,Kedelai
SUMATERA BARAT,2022,17.23,Kedelai
SUMATERA BARAT,2023,23.0,Kedelai
SUMATERA BARAT,2024,0.0,Kedelai
SUMATERA BARAT,2020,1387269.29,Padi
SUMATERA BARAT,2021,1317209.38,Padi
SUMATERA BARAT,2022,1373532.19,Padi
SUMATERA BARAT,2023,1482468.79,Padi
SUMATERA BARAT,2024,1356467.93,Padi
SUMATERA SELATAN,2020,211736.0,Jagung
SUMATERA SELATAN,2021,316506.0,Jagung
SUMATERA SELATAN,2022,460321.0,Jagung
SUMATERA SELATAN,2023,284643.0,Jagung
SUMATERA SELATAN,2024,338999.0,Jagung
SUMATERA SELATAN,2020,0.0,Kacang Hijau
SUMATERA SELATAN,2021,0.0,Kacang Hijau
SUMATERA SELATAN,2022,0.0,Kacang Hijau
SUMATERA SELATAN,2023,146.0,Kacang Hijau
SUMATERA SELATAN,2024,190.0,Kacang Hijau
SUMATERA SELATAN,2020,0.0,Kacang Tanah
SUMATERA SELATAN,2021,0.0,Kacang Tanah
SUMATERA SELATAN,2022,0.0,Kacang Tanah
SUMATERA SELATAN,2023,1357.0,Kacang Tanah
SUMATERA SELATAN,2024,1266.0,Kacang Tanah
SUMATERA SELATAN,2020,0.0,Kedelai
SUMATERA SELATAN,2021,0.0,Kedelai
SUMATERA SELATAN,2022,0.0,Kedelai
SUMATERA SELATAN,2023,210.0,Kedelai
SUMATERA SELATAN,2024,882.0,Kedelai
SUMATERA SELATAN,2020,2743059.68,Padi
SUMATERA SELATAN,2021,2552443.19,Padi
SUMATERA SELATAN,2022,2775069.26,Padi
SUMATERA SELATAN,2023,2832773.92,Padi
SUMATERA SELATAN,2024,2909411.67,Padi
SUMATERA UTARA,2020,783127.0,Jagung
SUMATERA UTARA,2021,956939.0,Jagung
SUMATERA UTARA,2022,1307477.0,Jagung
SUMATERA UTARA,2023,1343291.0,Jagung
SUMATERA UTARA,2024,1373900.0,Jagung
SUMATERA UTARA,2020,1625.2,Kacang Hijau
SUMATERA UTARA,2021,1223.4,Kacang Hijau
SUMATERA UTARA,2022,7206.8,Kacang Hijau
SUMATERA UTARA,2023,2237.0,Kacang Hijau
SUMATERA UTARA,2024,551.0,Kacang Hijau
SUMATERA UTARA,2020,5773.18,Kacang Tanah
SUMATERA UTARA,2021,4912.1,Kacang Tanah
SUMATERA UTARA,2022,5875.3,Kacang Tanah
SUMATERA UTARA,2023,7355.0,Kacang Tanah
SUMATERA UTARA,2024,5613.0,Kacang Tanah
SUMATERA UTARA,2020,3302.21,Kedelai
SUMATERA UTARA,2021,1441.55,Kedelai
SUMATERA UTARA,2022,8026.28,Kedelai
SUMATERA UTARA,2023,15993.0,Kedelai
SUMATERA UTARA,2024,13760.0,Kedelai
SUMATERA UTARA,2020,2040500.19,Padi
SUMATERA UTARA,2021,2004142.51,Padi
SUMATERA UTARA,2022,2088583.81,Padi
SUMATERA UTARA,2023,2087474.15,Padi
SUMATERA UTARA,2024,2204875.51,Padi
